date_reg,company,vehicle_count
2018-01-01,DRB-HICOM Berhad,14
2018-01-02,DRB-HICOM Berhad,137
2018-01-03,DRB-HICOM Berhad,212
2018-01-04,DRB-HICOM Berhad,243
2018-01-05,DRB-HICOM Berhad,261
2018-01-06,DRB-HICOM Berhad,25
2018-01-07,DRB-HICOM Berhad,24
2018-01-08,DRB-HICOM Berhad,269
2018-01-09,DRB-HICOM Berhad,342
2018-01-10,DRB-HICOM Berhad,429
2018-01-11,DRB-HICOM Berhad,595
2018-01-12,DRB-HICOM Berhad,538
2018-01-13,DRB-HICOM Berhad,59
2018-01-14,DRB-HICOM Berhad,31
2018-01-15,DRB-HICOM Berhad,519
2018-01-16,DRB-HICOM Berhad,645
2018-01-17,DRB-HICOM Berhad,679
2018-01-18,DRB-HICOM Berhad,715
2018-01-19,DRB-HICOM Berhad,723
2018-01-20,DRB-HICOM Berhad,75
2018-01-21,DRB-HICOM Berhad,57
2018-01-22,DRB-HICOM Berhad,808
2018-01-23,DRB-HICOM Berhad,979
2018-01-24,DRB-HICOM Berhad,1017
2018-01-25,DRB-HICOM Berhad,1019
2018-01-26,DRB-HICOM Berhad,1225
2018-01-27,DRB-HICOM Berhad,169
2018-01-28,DRB-HICOM Berhad,72
2018-01-29,DRB-HICOM Berhad,1361
2018-01-30,DRB-HICOM Berhad,2269
2018-01-31,DRB-HICOM Berhad,771
2018-02-01,DRB-HICOM Berhad,271
2018-02-02,DRB-HICOM Berhad,322
2018-02-03,DRB-HICOM Berhad,32
2018-02-04,DRB-HICOM Berhad,35
2018-02-05,DRB-HICOM Berhad,392
2018-02-06,DRB-HICOM Berhad,464
2018-02-07,DRB-HICOM Berhad,543
2018-02-08,DRB-HICOM Berhad,785
2018-02-09,DRB-HICOM Berhad,846
2018-02-10,DRB-HICOM Berhad,106
2018-02-11,DRB-HICOM Berhad,65
2018-02-12,DRB-HICOM Berhad,1139
2018-02-13,DRB-HICOM Berhad,1275
2018-02-14,DRB-HICOM Berhad,1040
2018-02-15,DRB-HICOM Berhad,348
2018-02-16,DRB-HICOM Berhad,0
2018-02-17,DRB-HICOM Berhad,0
2018-02-18,DRB-HICOM Berhad,0
2018-02-19,DRB-HICOM Berhad,138
2018-02-20,DRB-HICOM Berhad,258
2018-02-21,DRB-HICOM Berhad,381
2018-02-22,DRB-HICOM Berhad,596
2018-02-23,DRB-HICOM Berhad,606
2018-02-24,DRB-HICOM Berhad,94
2018-02-25,DRB-HICOM Berhad,45
2018-02-26,DRB-HICOM Berhad,609
2018-02-27,DRB-HICOM Berhad,1473
2018-02-28,DRB-HICOM Berhad,2008
2018-03-01,DRB-HICOM Berhad,244
2018-03-02,DRB-HICOM Berhad,208
2018-03-03,DRB-HICOM Berhad,27
2018-03-04,DRB-HICOM Berhad,10
2018-03-05,DRB-HICOM Berhad,258
2018-03-06,DRB-HICOM Berhad,435
2018-03-07,DRB-HICOM Berhad,484
2018-03-08,DRB-HICOM Berhad,516
2018-03-09,DRB-HICOM Berhad,596
2018-03-10,DRB-HICOM Berhad,62
2018-03-11,DRB-HICOM Berhad,26
2018-03-12,DRB-HICOM Berhad,506
2018-03-13,DRB-HICOM Berhad,578
2018-03-14,DRB-HICOM Berhad,591
2018-03-15,DRB-HICOM Berhad,759
2018-03-16,DRB-HICOM Berhad,681
2018-03-17,DRB-HICOM Berhad,44
2018-03-18,DRB-HICOM Berhad,33
2018-03-19,DRB-HICOM Berhad,596
2018-03-20,DRB-HICOM Berhad,678
2018-03-21,DRB-HICOM Berhad,787
2018-03-22,DRB-HICOM Berhad,921
2018-03-23,DRB-HICOM Berhad,640
2018-03-24,DRB-HICOM Berhad,56
2018-03-25,DRB-HICOM Berhad,32
2018-03-26,DRB-HICOM Berhad,775
2018-03-27,DRB-HICOM Berhad,970
2018-03-28,DRB-HICOM Berhad,1324
2018-03-29,DRB-HICOM Berhad,1579
2018-03-30,DRB-HICOM Berhad,1658
2018-03-31,DRB-HICOM Berhad,471
2018-04-01,DRB-HICOM Berhad,29
2018-04-02,DRB-HICOM Berhad,143
2018-04-03,DRB-HICOM Berhad,173
2018-04-04,DRB-HICOM Berhad,198
2018-04-05,DRB-HICOM Berhad,289
2018-04-06,DRB-HICOM Berhad,358
2018-04-07,DRB-HICOM Berhad,40
2018-04-08,DRB-HICOM Berhad,27
2018-04-09,DRB-HICOM Berhad,345
2018-04-10,DRB-HICOM Berhad,508
2018-04-11,DRB-HICOM Berhad,514
2018-04-12,DRB-HICOM Berhad,603
2018-04-13,DRB-HICOM Berhad,493
2018-04-14,DRB-HICOM Berhad,95
2018-04-15,DRB-HICOM Berhad,58
2018-04-16,DRB-HICOM Berhad,520
2018-04-17,DRB-HICOM Berhad,602
2018-04-18,DRB-HICOM Berhad,665
2018-04-19,DRB-HICOM Berhad,805
2018-04-20,DRB-HICOM Berhad,730
2018-04-21,DRB-HICOM Berhad,100
2018-04-22,DRB-HICOM Berhad,49
2018-04-23,DRB-HICOM Berhad,632
2018-04-24,DRB-HICOM Berhad,746
2018-04-25,DRB-HICOM Berhad,953
2018-04-26,DRB-HICOM Berhad,1010
2018-04-27,DRB-HICOM Berhad,1260
2018-04-28,DRB-HICOM Berhad,335
2018-04-29,DRB-HICOM Berhad,98
2018-04-30,DRB-HICOM Berhad,2147
2018-05-01,DRB-HICOM Berhad,6
2018-05-02,DRB-HICOM Berhad,311
2018-05-03,DRB-HICOM Berhad,349
2018-05-04,DRB-HICOM Berhad,352
2018-05-05,DRB-HICOM Berhad,25
2018-05-06,DRB-HICOM Berhad,32
2018-05-07,DRB-HICOM Berhad,351
2018-05-08,DRB-HICOM Berhad,492
2018-05-09,DRB-HICOM Berhad,2
2018-05-10,DRB-HICOM Berhad,13
2018-05-11,DRB-HICOM Berhad,40
2018-05-12,DRB-HICOM Berhad,33
2018-05-13,DRB-HICOM Berhad,6
2018-05-14,DRB-HICOM Berhad,414
2018-05-15,DRB-HICOM Berhad,697
2018-05-16,DRB-HICOM Berhad,664
2018-05-17,DRB-HICOM Berhad,448
2018-05-18,DRB-HICOM Berhad,482
2018-05-19,DRB-HICOM Berhad,51
2018-05-20,DRB-HICOM Berhad,35
2018-05-21,DRB-HICOM Berhad,557
2018-05-22,DRB-HICOM Berhad,734
2018-05-23,DRB-HICOM Berhad,729
2018-05-24,DRB-HICOM Berhad,923
2018-05-25,DRB-HICOM Berhad,1094
2018-05-26,DRB-HICOM Berhad,312
2018-05-27,DRB-HICOM Berhad,100
2018-05-28,DRB-HICOM Berhad,1399
2018-05-29,DRB-HICOM Berhad,190
2018-05-30,DRB-HICOM Berhad,1373
2018-05-31,DRB-HICOM Berhad,1458
2018-06-01,DRB-HICOM Berhad,696
2018-06-02,DRB-HICOM Berhad,53
2018-06-03,DRB-HICOM Berhad,40
2018-06-04,DRB-HICOM Berhad,469
2018-06-05,DRB-HICOM Berhad,631
2018-06-06,DRB-HICOM Berhad,884
2018-06-07,DRB-HICOM Berhad,1148
2018-06-08,DRB-HICOM Berhad,1351
2018-06-09,DRB-HICOM Berhad,256
2018-06-10,DRB-HICOM Berhad,81
2018-06-11,DRB-HICOM Berhad,1692
2018-06-12,DRB-HICOM Berhad,2066
2018-06-13,DRB-HICOM Berhad,1729
2018-06-14,DRB-HICOM Berhad,582
2018-06-15,DRB-HICOM Berhad,0
2018-06-16,DRB-HICOM Berhad,0
2018-06-17,DRB-HICOM Berhad,0
2018-06-18,DRB-HICOM Berhad,210
2018-06-19,DRB-HICOM Berhad,411
2018-06-20,DRB-HICOM Berhad,567
2018-06-21,DRB-HICOM Berhad,683
2018-06-22,DRB-HICOM Berhad,734
2018-06-23,DRB-HICOM Berhad,99
2018-06-24,DRB-HICOM Berhad,48
2018-06-25,DRB-HICOM Berhad,700
2018-06-26,DRB-HICOM Berhad,1110
2018-06-27,DRB-HICOM Berhad,1530
2018-06-28,DRB-HICOM Berhad,1909
2018-06-29,DRB-HICOM Berhad,2518
2018-06-30,DRB-HICOM Berhad,845
2018-07-01,DRB-HICOM Berhad,28
2018-07-02,DRB-HICOM Berhad,487
2018-07-03,DRB-HICOM Berhad,475
2018-07-04,DRB-HICOM Berhad,591
2018-07-05,DRB-HICOM Berhad,655
2018-07-06,DRB-HICOM Berhad,672
2018-07-07,DRB-HICOM Berhad,74
2018-07-08,DRB-HICOM Berhad,44
2018-07-09,DRB-HICOM Berhad,621
2018-07-10,DRB-HICOM Berhad,835
2018-07-11,DRB-HICOM Berhad,915
2018-07-12,DRB-HICOM Berhad,1106
2018-07-13,DRB-HICOM Berhad,1202
2018-07-14,DRB-HICOM Berhad,128
2018-07-15,DRB-HICOM Berhad,66
2018-07-16,DRB-HICOM Berhad,871
2018-07-17,DRB-HICOM Berhad,1032
2018-07-18,DRB-HICOM Berhad,1148
2018-07-19,DRB-HICOM Berhad,1127
2018-07-20,DRB-HICOM Berhad,1096
2018-07-21,DRB-HICOM Berhad,156
2018-07-22,DRB-HICOM Berhad,43
2018-07-23,DRB-HICOM Berhad,1044
2018-07-24,DRB-HICOM Berhad,1294
2018-07-25,DRB-HICOM Berhad,1258
2018-07-26,DRB-HICOM Berhad,1489
2018-07-27,DRB-HICOM Berhad,1445
2018-07-28,DRB-HICOM Berhad,312
2018-07-29,DRB-HICOM Berhad,93
2018-07-30,DRB-HICOM Berhad,1769
2018-07-31,DRB-HICOM Berhad,2829
2018-08-01,DRB-HICOM Berhad,352
2018-08-02,DRB-HICOM Berhad,411
2018-08-03,DRB-HICOM Berhad,497
2018-08-04,DRB-HICOM Berhad,77
2018-08-05,DRB-HICOM Berhad,41
2018-08-06,DRB-HICOM Berhad,505
2018-08-07,DRB-HICOM Berhad,624
2018-08-08,DRB-HICOM Berhad,785
2018-08-09,DRB-HICOM Berhad,809
2018-08-10,DRB-HICOM Berhad,740
2018-08-11,DRB-HICOM Berhad,88
2018-08-12,DRB-HICOM Berhad,32
2018-08-13,DRB-HICOM Berhad,646
2018-08-14,DRB-HICOM Berhad,925
2018-08-15,DRB-HICOM Berhad,1134
2018-08-16,DRB-HICOM Berhad,1094
2018-08-17,DRB-HICOM Berhad,1214
2018-08-18,DRB-HICOM Berhad,165
2018-08-19,DRB-HICOM Berhad,69
2018-08-20,DRB-HICOM Berhad,1242
2018-08-21,DRB-HICOM Berhad,1341
2018-08-22,DRB-HICOM Berhad,18
2018-08-23,DRB-HICOM Berhad,1240
2018-08-24,DRB-HICOM Berhad,1397
2018-08-25,DRB-HICOM Berhad,221
2018-08-26,DRB-HICOM Berhad,82
2018-08-27,DRB-HICOM Berhad,1645
2018-08-28,DRB-HICOM Berhad,2020
2018-08-29,DRB-HICOM Berhad,2445
2018-08-30,DRB-HICOM Berhad,2959
2018-08-31,DRB-HICOM Berhad,978
2018-09-01,DRB-HICOM Berhad,0
2018-09-02,DRB-HICOM Berhad,6
2018-09-03,DRB-HICOM Berhad,67
2018-09-04,DRB-HICOM Berhad,145
2018-09-05,DRB-HICOM Berhad,176
2018-09-06,DRB-HICOM Berhad,219
2018-09-07,DRB-HICOM Berhad,158
2018-09-08,DRB-HICOM Berhad,16
2018-09-09,DRB-HICOM Berhad,0
2018-09-10,DRB-HICOM Berhad,19
2018-09-11,DRB-HICOM Berhad,2
2018-09-12,DRB-HICOM Berhad,213
2018-09-13,DRB-HICOM Berhad,420
2018-09-14,DRB-HICOM Berhad,509
2018-09-15,DRB-HICOM Berhad,40
2018-09-16,DRB-HICOM Berhad,0
2018-09-17,DRB-HICOM Berhad,27
2018-09-18,DRB-HICOM Berhad,467
2018-09-19,DRB-HICOM Berhad,628
2018-09-20,DRB-HICOM Berhad,843
2018-09-21,DRB-HICOM Berhad,656
2018-09-22,DRB-HICOM Berhad,87
2018-09-23,DRB-HICOM Berhad,43
2018-09-24,DRB-HICOM Berhad,712
2018-09-25,DRB-HICOM Berhad,810
2018-09-26,DRB-HICOM Berhad,1131
2018-09-27,DRB-HICOM Berhad,1338
2018-09-28,DRB-HICOM Berhad,1724
2018-09-29,DRB-HICOM Berhad,595
2018-09-30,DRB-HICOM Berhad,176
2018-10-01,DRB-HICOM Berhad,291
2018-10-02,DRB-HICOM Berhad,240
2018-10-03,DRB-HICOM Berhad,271
2018-10-04,DRB-HICOM Berhad,325
2018-10-05,DRB-HICOM Berhad,372
2018-10-06,DRB-HICOM Berhad,35
2018-10-07,DRB-HICOM Berhad,31
2018-10-08,DRB-HICOM Berhad,448
2018-10-09,DRB-HICOM Berhad,482
2018-10-10,DRB-HICOM Berhad,494
2018-10-11,DRB-HICOM Berhad,597
2018-10-12,DRB-HICOM Berhad,460
2018-10-13,DRB-HICOM Berhad,65
2018-10-14,DRB-HICOM Berhad,36
2018-10-15,DRB-HICOM Berhad,520
2018-10-16,DRB-HICOM Berhad,572
2018-10-17,DRB-HICOM Berhad,542
2018-10-18,DRB-HICOM Berhad,641
2018-10-19,DRB-HICOM Berhad,641
2018-10-20,DRB-HICOM Berhad,88
2018-10-21,DRB-HICOM Berhad,41
2018-10-22,DRB-HICOM Berhad,612
2018-10-23,DRB-HICOM Berhad,680
2018-10-24,DRB-HICOM Berhad,639
2018-10-25,DRB-HICOM Berhad,908
2018-10-26,DRB-HICOM Berhad,740
2018-10-27,DRB-HICOM Berhad,125
2018-10-28,DRB-HICOM Berhad,29
2018-10-29,DRB-HICOM Berhad,894
2018-10-30,DRB-HICOM Berhad,1210
2018-10-31,DRB-HICOM Berhad,1731
2018-11-01,DRB-HICOM Berhad,493
2018-11-02,DRB-HICOM Berhad,304
2018-11-03,DRB-HICOM Berhad,41
2018-11-04,DRB-HICOM Berhad,12
2018-11-05,DRB-HICOM Berhad,251
2018-11-06,DRB-HICOM Berhad,40
2018-11-07,DRB-HICOM Berhad,279
2018-11-08,DRB-HICOM Berhad,406
2018-11-09,DRB-HICOM Berhad,452
2018-11-10,DRB-HICOM Berhad,64
2018-11-11,DRB-HICOM Berhad,11
2018-11-12,DRB-HICOM Berhad,524
2018-11-13,DRB-HICOM Berhad,554
2018-11-14,DRB-HICOM Berhad,651
2018-11-15,DRB-HICOM Berhad,603
2018-11-16,DRB-HICOM Berhad,571
2018-11-17,DRB-HICOM Berhad,57
2018-11-18,DRB-HICOM Berhad,21
2018-11-19,DRB-HICOM Berhad,524
2018-11-20,DRB-HICOM Berhad,36
2018-11-21,DRB-HICOM Berhad,639
2018-11-22,DRB-HICOM Berhad,718
2018-11-23,DRB-HICOM Berhad,728
2018-11-24,DRB-HICOM Berhad,95
2018-11-25,DRB-HICOM Berhad,33
2018-11-26,DRB-HICOM Berhad,884
2018-11-27,DRB-HICOM Berhad,1064
2018-11-28,DRB-HICOM Berhad,1092
2018-11-29,DRB-HICOM Berhad,1501
2018-11-30,DRB-HICOM Berhad,1660
2018-12-01,DRB-HICOM Berhad,35
2018-12-02,DRB-HICOM Berhad,14
2018-12-03,DRB-HICOM Berhad,256
2018-12-04,DRB-HICOM Berhad,325
2018-12-05,DRB-HICOM Berhad,352
2018-12-06,DRB-HICOM Berhad,445
2018-12-07,DRB-HICOM Berhad,450
2018-12-08,DRB-HICOM Berhad,58
2018-12-09,DRB-HICOM Berhad,21
2018-12-10,DRB-HICOM Berhad,474
2018-12-11,DRB-HICOM Berhad,565
2018-12-12,DRB-HICOM Berhad,627
2018-12-13,DRB-HICOM Berhad,742
2018-12-14,DRB-HICOM Berhad,769
2018-12-15,DRB-HICOM Berhad,78
2018-12-16,DRB-HICOM Berhad,29
2018-12-17,DRB-HICOM Berhad,674
2018-12-18,DRB-HICOM Berhad,757
2018-12-19,DRB-HICOM Berhad,945
2018-12-20,DRB-HICOM Berhad,1028
2018-12-21,DRB-HICOM Berhad,1040
2018-12-22,DRB-HICOM Berhad,121
2018-12-23,DRB-HICOM Berhad,59
2018-12-24,DRB-HICOM Berhad,944
2018-12-25,DRB-HICOM Berhad,21
2018-12-26,DRB-HICOM Berhad,1086
2018-12-27,DRB-HICOM Berhad,1333
2018-12-28,DRB-HICOM Berhad,1228
2018-12-29,DRB-HICOM Berhad,324
2018-12-30,DRB-HICOM Berhad,131
2018-12-31,DRB-HICOM Berhad,1754
2019-01-01,DRB-HICOM Berhad,33
2019-01-02,DRB-HICOM Berhad,151
2019-01-03,DRB-HICOM Berhad,245
2019-01-04,DRB-HICOM Berhad,205
2019-01-05,DRB-HICOM Berhad,46
2019-01-06,DRB-HICOM Berhad,13
2019-01-07,DRB-HICOM Berhad,248
2019-01-08,DRB-HICOM Berhad,315
2019-01-09,DRB-HICOM Berhad,378
2019-01-10,DRB-HICOM Berhad,462
2019-01-11,DRB-HICOM Berhad,464
2019-01-12,DRB-HICOM Berhad,58
2019-01-13,DRB-HICOM Berhad,39
2019-01-14,DRB-HICOM Berhad,414
2019-01-15,DRB-HICOM Berhad,572
2019-01-16,DRB-HICOM Berhad,685
2019-01-17,DRB-HICOM Berhad,687
2019-01-18,DRB-HICOM Berhad,456
2019-01-19,DRB-HICOM Berhad,161
2019-01-20,DRB-HICOM Berhad,31
2019-01-21,DRB-HICOM Berhad,194
2019-01-22,DRB-HICOM Berhad,798
2019-01-23,DRB-HICOM Berhad,1009
2019-01-24,DRB-HICOM Berhad,1127
2019-01-25,DRB-HICOM Berhad,1210
2019-01-26,DRB-HICOM Berhad,220
2019-01-27,DRB-HICOM Berhad,72
2019-01-28,DRB-HICOM Berhad,1291
2019-01-29,DRB-HICOM Berhad,1707
2019-01-30,DRB-HICOM Berhad,2038
2019-01-31,DRB-HICOM Berhad,2514
2019-02-01,DRB-HICOM Berhad,353
2019-02-02,DRB-HICOM Berhad,65
2019-02-03,DRB-HICOM Berhad,17
2019-02-04,DRB-HICOM Berhad,183
2019-02-05,DRB-HICOM Berhad,0
2019-02-06,DRB-HICOM Berhad,0
2019-02-07,DRB-HICOM Berhad,81
2019-02-08,DRB-HICOM Berhad,145
2019-02-09,DRB-HICOM Berhad,16
2019-02-10,DRB-HICOM Berhad,12
2019-02-11,DRB-HICOM Berhad,197
2019-02-12,DRB-HICOM Berhad,208
2019-02-13,DRB-HICOM Berhad,325
2019-02-14,DRB-HICOM Berhad,475
2019-02-15,DRB-HICOM Berhad,515
2019-02-16,DRB-HICOM Berhad,145
2019-02-17,DRB-HICOM Berhad,21
2019-02-18,DRB-HICOM Berhad,604
2019-02-19,DRB-HICOM Berhad,839
2019-02-20,DRB-HICOM Berhad,866
2019-02-21,DRB-HICOM Berhad,925
2019-02-22,DRB-HICOM Berhad,928
2019-02-23,DRB-HICOM Berhad,236
2019-02-24,DRB-HICOM Berhad,48
2019-02-25,DRB-HICOM Berhad,976
2019-02-26,DRB-HICOM Berhad,1298
2019-02-27,DRB-HICOM Berhad,1620
2019-02-28,DRB-HICOM Berhad,2157
2019-03-01,DRB-HICOM Berhad,306
2019-03-02,DRB-HICOM Berhad,26
2019-03-03,DRB-HICOM Berhad,19
2019-03-04,DRB-HICOM Berhad,309
2019-03-05,DRB-HICOM Berhad,414
2019-03-06,DRB-HICOM Berhad,443
2019-03-07,DRB-HICOM Berhad,594
2019-03-08,DRB-HICOM Berhad,743
2019-03-09,DRB-HICOM Berhad,82
2019-03-10,DRB-HICOM Berhad,39
2019-03-11,DRB-HICOM Berhad,407
2019-03-12,DRB-HICOM Berhad,408
2019-03-13,DRB-HICOM Berhad,864
2019-03-14,DRB-HICOM Berhad,702
2019-03-15,DRB-HICOM Berhad,679
2019-03-16,DRB-HICOM Berhad,64
2019-03-17,DRB-HICOM Berhad,20
2019-03-18,DRB-HICOM Berhad,551
2019-03-19,DRB-HICOM Berhad,933
2019-03-20,DRB-HICOM Berhad,831
2019-03-21,DRB-HICOM Berhad,1106
2019-03-22,DRB-HICOM Berhad,772
2019-03-23,DRB-HICOM Berhad,72
2019-03-24,DRB-HICOM Berhad,28
2019-03-25,DRB-HICOM Berhad,774
2019-03-26,DRB-HICOM Berhad,1030
2019-03-27,DRB-HICOM Berhad,1174
2019-03-28,DRB-HICOM Berhad,1749
2019-03-29,DRB-HICOM Berhad,2087
2019-03-30,DRB-HICOM Berhad,453
2019-03-31,DRB-HICOM Berhad,247
2019-04-01,DRB-HICOM Berhad,153
2019-04-02,DRB-HICOM Berhad,203
2019-04-03,DRB-HICOM Berhad,286
2019-04-04,DRB-HICOM Berhad,381
2019-04-05,DRB-HICOM Berhad,364
2019-04-06,DRB-HICOM Berhad,39
2019-04-07,DRB-HICOM Berhad,16
2019-04-08,DRB-HICOM Berhad,478
2019-04-09,DRB-HICOM Berhad,420
2019-04-10,DRB-HICOM Berhad,525
2019-04-11,DRB-HICOM Berhad,576
2019-04-12,DRB-HICOM Berhad,645
2019-04-13,DRB-HICOM Berhad,83
2019-04-14,DRB-HICOM Berhad,29
2019-04-15,DRB-HICOM Berhad,503
2019-04-16,DRB-HICOM Berhad,686
2019-04-17,DRB-HICOM Berhad,714
2019-04-18,DRB-HICOM Berhad,764
2019-04-19,DRB-HICOM Berhad,639
2019-04-20,DRB-HICOM Berhad,107
2019-04-21,DRB-HICOM Berhad,34
2019-04-22,DRB-HICOM Berhad,659
2019-04-23,DRB-HICOM Berhad,805
2019-04-24,DRB-HICOM Berhad,817
2019-04-25,DRB-HICOM Berhad,981
2019-04-26,DRB-HICOM Berhad,941
2019-04-27,DRB-HICOM Berhad,198
2019-04-28,DRB-HICOM Berhad,80
2019-04-29,DRB-HICOM Berhad,1332
2019-04-30,DRB-HICOM Berhad,2609
2019-05-01,DRB-HICOM Berhad,6
2019-05-02,DRB-HICOM Berhad,426
2019-05-03,DRB-HICOM Berhad,389
2019-05-04,DRB-HICOM Berhad,61
2019-05-05,DRB-HICOM Berhad,34
2019-05-06,DRB-HICOM Berhad,347
2019-05-07,DRB-HICOM Berhad,570
2019-05-08,DRB-HICOM Berhad,663
2019-05-09,DRB-HICOM Berhad,816
2019-05-10,DRB-HICOM Berhad,810
2019-05-11,DRB-HICOM Berhad,108
2019-05-12,DRB-HICOM Berhad,45
2019-05-13,DRB-HICOM Berhad,806
2019-05-14,DRB-HICOM Berhad,1062
2019-05-15,DRB-HICOM Berhad,995
2019-05-16,DRB-HICOM Berhad,1137
2019-05-17,DRB-HICOM Berhad,1064
2019-05-18,DRB-HICOM Berhad,194
2019-05-19,DRB-HICOM Berhad,11
2019-05-20,DRB-HICOM Berhad,114
2019-05-21,DRB-HICOM Berhad,1069
2019-05-22,DRB-HICOM Berhad,573
2019-05-23,DRB-HICOM Berhad,1407
2019-05-24,DRB-HICOM Berhad,1521
2019-05-25,DRB-HICOM Berhad,229
2019-05-26,DRB-HICOM Berhad,60
2019-05-27,DRB-HICOM Berhad,1440
2019-05-28,DRB-HICOM Berhad,1861
2019-05-29,DRB-HICOM Berhad,2075
2019-05-30,DRB-HICOM Berhad,2224
2019-05-31,DRB-HICOM Berhad,2153
2019-06-01,DRB-HICOM Berhad,140
2019-06-02,DRB-HICOM Berhad,50
2019-06-03,DRB-HICOM Berhad,477
2019-06-04,DRB-HICOM Berhad,228
2019-06-05,DRB-HICOM Berhad,0
2019-06-06,DRB-HICOM Berhad,0
2019-06-07,DRB-HICOM Berhad,86
2019-06-08,DRB-HICOM Berhad,4
2019-06-09,DRB-HICOM Berhad,4
2019-06-10,DRB-HICOM Berhad,141
2019-06-11,DRB-HICOM Berhad,231
2019-06-12,DRB-HICOM Berhad,306
2019-06-13,DRB-HICOM Berhad,476
2019-06-14,DRB-HICOM Berhad,629
2019-06-15,DRB-HICOM Berhad,86
2019-06-16,DRB-HICOM Berhad,31
2019-06-17,DRB-HICOM Berhad,533
2019-06-18,DRB-HICOM Berhad,739
2019-06-19,DRB-HICOM Berhad,776
2019-06-20,DRB-HICOM Berhad,773
2019-06-21,DRB-HICOM Berhad,812
2019-06-22,DRB-HICOM Berhad,96
2019-06-23,DRB-HICOM Berhad,33
2019-06-24,DRB-HICOM Berhad,718
2019-06-25,DRB-HICOM Berhad,1072
2019-06-26,DRB-HICOM Berhad,1387
2019-06-27,DRB-HICOM Berhad,1696
2019-06-28,DRB-HICOM Berhad,2279
2019-06-29,DRB-HICOM Berhad,784
2019-06-30,DRB-HICOM Berhad,382
2019-07-01,DRB-HICOM Berhad,279
2019-07-02,DRB-HICOM Berhad,264
2019-07-03,DRB-HICOM Berhad,341
2019-07-04,DRB-HICOM Berhad,427
2019-07-05,DRB-HICOM Berhad,417
2019-07-06,DRB-HICOM Berhad,57
2019-07-07,DRB-HICOM Berhad,22
2019-07-08,DRB-HICOM Berhad,491
2019-07-09,DRB-HICOM Berhad,587
2019-07-10,DRB-HICOM Berhad,684
2019-07-11,DRB-HICOM Berhad,706
2019-07-12,DRB-HICOM Berhad,747
2019-07-13,DRB-HICOM Berhad,123
2019-07-14,DRB-HICOM Berhad,60
2019-07-15,DRB-HICOM Berhad,724
2019-07-16,DRB-HICOM Berhad,766
2019-07-17,DRB-HICOM Berhad,863
2019-07-18,DRB-HICOM Berhad,904
2019-07-19,DRB-HICOM Berhad,866
2019-07-20,DRB-HICOM Berhad,143
2019-07-21,DRB-HICOM Berhad,57
2019-07-22,DRB-HICOM Berhad,797
2019-07-23,DRB-HICOM Berhad,1102
2019-07-24,DRB-HICOM Berhad,1074
2019-07-25,DRB-HICOM Berhad,1332
2019-07-26,DRB-HICOM Berhad,1106
2019-07-27,DRB-HICOM Berhad,212
2019-07-28,DRB-HICOM Berhad,47
2019-07-29,DRB-HICOM Berhad,1470
2019-07-30,DRB-HICOM Berhad,242
2019-07-31,DRB-HICOM Berhad,2199
2019-08-01,DRB-HICOM Berhad,357
2019-08-02,DRB-HICOM Berhad,354
2019-08-03,DRB-HICOM Berhad,37
2019-08-04,DRB-HICOM Berhad,12
2019-08-05,DRB-HICOM Berhad,350
2019-08-06,DRB-HICOM Berhad,459
2019-08-07,DRB-HICOM Berhad,555
2019-08-08,DRB-HICOM Berhad,854
2019-08-09,DRB-HICOM Berhad,779
2019-08-10,DRB-HICOM Berhad,55
2019-08-11,DRB-HICOM Berhad,1
2019-08-12,DRB-HICOM Berhad,8
2019-08-13,DRB-HICOM Berhad,331
2019-08-14,DRB-HICOM Berhad,689
2019-08-15,DRB-HICOM Berhad,758
2019-08-16,DRB-HICOM Berhad,639
2019-08-17,DRB-HICOM Berhad,106
2019-08-18,DRB-HICOM Berhad,38
2019-08-19,DRB-HICOM Berhad,635
2019-08-20,DRB-HICOM Berhad,743
2019-08-21,DRB-HICOM Berhad,865
2019-08-22,DRB-HICOM Berhad,923
2019-08-23,DRB-HICOM Berhad,933
2019-08-24,DRB-HICOM Berhad,168
2019-08-25,DRB-HICOM Berhad,62
2019-08-26,DRB-HICOM Berhad,1058
2019-08-27,DRB-HICOM Berhad,1329
2019-08-28,DRB-HICOM Berhad,1451
2019-08-29,DRB-HICOM Berhad,2197
2019-08-30,DRB-HICOM Berhad,2157
2019-08-31,DRB-HICOM Berhad,385
2019-09-01,DRB-HICOM Berhad,2
2019-09-02,DRB-HICOM Berhad,34
2019-09-03,DRB-HICOM Berhad,330
2019-09-04,DRB-HICOM Berhad,219
2019-09-05,DRB-HICOM Berhad,394
2019-09-06,DRB-HICOM Berhad,573
2019-09-07,DRB-HICOM Berhad,95
2019-09-08,DRB-HICOM Berhad,31
2019-09-09,DRB-HICOM Berhad,3
2019-09-10,DRB-HICOM Berhad,548
2019-09-11,DRB-HICOM Berhad,719
2019-09-12,DRB-HICOM Berhad,779
2019-09-13,DRB-HICOM Berhad,850
2019-09-14,DRB-HICOM Berhad,106
2019-09-15,DRB-HICOM Berhad,53
2019-09-16,DRB-HICOM Berhad,1
2019-09-17,DRB-HICOM Berhad,593
2019-09-18,DRB-HICOM Berhad,831
2019-09-19,DRB-HICOM Berhad,933
2019-09-20,DRB-HICOM Berhad,898
2019-09-21,DRB-HICOM Berhad,132
2019-09-22,DRB-HICOM Berhad,50
2019-09-23,DRB-HICOM Berhad,785
2019-09-24,DRB-HICOM Berhad,959
2019-09-25,DRB-HICOM Berhad,1244
2019-09-26,DRB-HICOM Berhad,1410
2019-09-27,DRB-HICOM Berhad,1420
2019-09-28,DRB-HICOM Berhad,428
2019-09-29,DRB-HICOM Berhad,62
2019-09-30,DRB-HICOM Berhad,2610
2019-10-01,DRB-HICOM Berhad,337
2019-10-02,DRB-HICOM Berhad,368
2019-10-03,DRB-HICOM Berhad,403
2019-10-04,DRB-HICOM Berhad,364
2019-10-05,DRB-HICOM Berhad,35
2019-10-06,DRB-HICOM Berhad,13
2019-10-07,DRB-HICOM Berhad,424
2019-10-08,DRB-HICOM Berhad,500
2019-10-09,DRB-HICOM Berhad,329
2019-10-10,DRB-HICOM Berhad,323
2019-10-11,DRB-HICOM Berhad,713
2019-10-12,DRB-HICOM Berhad,265
2019-10-13,DRB-HICOM Berhad,33
2019-10-14,DRB-HICOM Berhad,747
2019-10-15,DRB-HICOM Berhad,714
2019-10-16,DRB-HICOM Berhad,793
2019-10-17,DRB-HICOM Berhad,794
2019-10-18,DRB-HICOM Berhad,665
2019-10-19,DRB-HICOM Berhad,102
2019-10-20,DRB-HICOM Berhad,50
2019-10-21,DRB-HICOM Berhad,568
2019-10-22,DRB-HICOM Berhad,1104
2019-10-23,DRB-HICOM Berhad,1006
2019-10-24,DRB-HICOM Berhad,1103
2019-10-25,DRB-HICOM Berhad,1093
2019-10-26,DRB-HICOM Berhad,185
2019-10-27,DRB-HICOM Berhad,2
2019-10-28,DRB-HICOM Berhad,138
2019-10-29,DRB-HICOM Berhad,1073
2019-10-30,DRB-HICOM Berhad,1580
2019-10-31,DRB-HICOM Berhad,2650
2019-11-01,DRB-HICOM Berhad,235
2019-11-02,DRB-HICOM Berhad,24
2019-11-03,DRB-HICOM Berhad,24
2019-11-04,DRB-HICOM Berhad,224
2019-11-05,DRB-HICOM Berhad,282
2019-11-06,DRB-HICOM Berhad,406
2019-11-07,DRB-HICOM Berhad,464
2019-11-08,DRB-HICOM Berhad,468
2019-11-09,DRB-HICOM Berhad,29
2019-11-10,DRB-HICOM Berhad,14
2019-11-11,DRB-HICOM Berhad,459
2019-11-12,DRB-HICOM Berhad,631
2019-11-13,DRB-HICOM Berhad,750
2019-11-14,DRB-HICOM Berhad,735
2019-11-15,DRB-HICOM Berhad,723
2019-11-16,DRB-HICOM Berhad,129
2019-11-17,DRB-HICOM Berhad,43
2019-11-18,DRB-HICOM Berhad,720
2019-11-19,DRB-HICOM Berhad,906
2019-11-20,DRB-HICOM Berhad,918
2019-11-21,DRB-HICOM Berhad,931
2019-11-22,DRB-HICOM Berhad,1086
2019-11-23,DRB-HICOM Berhad,157
2019-11-24,DRB-HICOM Berhad,63
2019-11-25,DRB-HICOM Berhad,949
2019-11-26,DRB-HICOM Berhad,1260
2019-11-27,DRB-HICOM Berhad,1653
2019-11-28,DRB-HICOM Berhad,1710
2019-11-29,DRB-HICOM Berhad,2215
2019-11-30,DRB-HICOM Berhad,995
2019-12-01,DRB-HICOM Berhad,21
2019-12-02,DRB-HICOM Berhad,179
2019-12-03,DRB-HICOM Berhad,267
2019-12-04,DRB-HICOM Berhad,403
2019-12-05,DRB-HICOM Berhad,420
2019-12-06,DRB-HICOM Berhad,421
2019-12-07,DRB-HICOM Berhad,43
2019-12-08,DRB-HICOM Berhad,26
2019-12-09,DRB-HICOM Berhad,479
2019-12-10,DRB-HICOM Berhad,736
2019-12-11,DRB-HICOM Berhad,520
2019-12-12,DRB-HICOM Berhad,561
2019-12-13,DRB-HICOM Berhad,1111
2019-12-14,DRB-HICOM Berhad,226
2019-12-15,DRB-HICOM Berhad,42
2019-12-16,DRB-HICOM Berhad,1027
2019-12-17,DRB-HICOM Berhad,811
2019-12-18,DRB-HICOM Berhad,993
2019-12-19,DRB-HICOM Berhad,1086
2019-12-20,DRB-HICOM Berhad,1011
2019-12-21,DRB-HICOM Berhad,153
2019-12-22,DRB-HICOM Berhad,57
2019-12-23,DRB-HICOM Berhad,1087
2019-12-24,DRB-HICOM Berhad,1155
2019-12-25,DRB-HICOM Berhad,59
2019-12-26,DRB-HICOM Berhad,1357
2019-12-27,DRB-HICOM Berhad,1273
2019-12-28,DRB-HICOM Berhad,345
2019-12-29,DRB-HICOM Berhad,45
2019-12-30,DRB-HICOM Berhad,1661
2019-12-31,DRB-HICOM Berhad,3943
2020-01-01,DRB-HICOM Berhad,21
2020-01-02,DRB-HICOM Berhad,474
2020-01-03,DRB-HICOM Berhad,295
2020-01-04,DRB-HICOM Berhad,22
2020-01-05,DRB-HICOM Berhad,21
2020-01-06,DRB-HICOM Berhad,219
2020-01-07,DRB-HICOM Berhad,271
2020-01-08,DRB-HICOM Berhad,379
2020-01-09,DRB-HICOM Berhad,513
2020-01-10,DRB-HICOM Berhad,571
2020-01-11,DRB-HICOM Berhad,96
2020-01-12,DRB-HICOM Berhad,37
2020-01-13,DRB-HICOM Berhad,578
2020-01-14,DRB-HICOM Berhad,804
2020-01-15,DRB-HICOM Berhad,835
2020-01-16,DRB-HICOM Berhad,923
2020-01-17,DRB-HICOM Berhad,954
2020-01-18,DRB-HICOM Berhad,146
2020-01-19,DRB-HICOM Berhad,58
2020-01-20,DRB-HICOM Berhad,1039
2020-01-21,DRB-HICOM Berhad,1309
2020-01-22,DRB-HICOM Berhad,1294
2020-01-23,DRB-HICOM Berhad,1168
2020-01-24,DRB-HICOM Berhad,572
2020-01-25,DRB-HICOM Berhad,4
2020-01-26,DRB-HICOM Berhad,0
2020-01-27,DRB-HICOM Berhad,8
2020-01-28,DRB-HICOM Berhad,349
2020-01-29,DRB-HICOM Berhad,765
2020-01-30,DRB-HICOM Berhad,1325
2020-01-31,DRB-HICOM Berhad,2029
2020-02-01,DRB-HICOM Berhad,33
2020-02-02,DRB-HICOM Berhad,9
2020-02-03,DRB-HICOM Berhad,103
2020-02-04,DRB-HICOM Berhad,222
2020-02-05,DRB-HICOM Berhad,275
2020-02-06,DRB-HICOM Berhad,339
2020-02-07,DRB-HICOM Berhad,394
2020-02-08,DRB-HICOM Berhad,35
2020-02-09,DRB-HICOM Berhad,21
2020-02-10,DRB-HICOM Berhad,402
2020-02-11,DRB-HICOM Berhad,472
2020-02-12,DRB-HICOM Berhad,494
2020-02-13,DRB-HICOM Berhad,528
2020-02-14,DRB-HICOM Berhad,530
2020-02-15,DRB-HICOM Berhad,73
2020-02-16,DRB-HICOM Berhad,29
2020-02-17,DRB-HICOM Berhad,475
2020-02-18,DRB-HICOM Berhad,597
2020-02-19,DRB-HICOM Berhad,655
2020-02-20,DRB-HICOM Berhad,694
2020-02-21,DRB-HICOM Berhad,674
2020-02-22,DRB-HICOM Berhad,103
2020-02-23,DRB-HICOM Berhad,43
2020-02-24,DRB-HICOM Berhad,705
2020-02-25,DRB-HICOM Berhad,710
2020-02-26,DRB-HICOM Berhad,931
2020-02-27,DRB-HICOM Berhad,1173
2020-02-28,DRB-HICOM Berhad,1927
2020-02-29,DRB-HICOM Berhad,1245
2020-03-01,DRB-HICOM Berhad,18
2020-03-02,DRB-HICOM Berhad,193
2020-03-03,DRB-HICOM Berhad,220
2020-03-04,DRB-HICOM Berhad,344
2020-03-05,DRB-HICOM Berhad,447
2020-03-06,DRB-HICOM Berhad,248
2020-03-07,DRB-HICOM Berhad,129
2020-03-08,DRB-HICOM Berhad,53
2020-03-09,DRB-HICOM Berhad,613
2020-03-10,DRB-HICOM Berhad,613
2020-03-11,DRB-HICOM Berhad,746
2020-03-12,DRB-HICOM Berhad,728
2020-03-13,DRB-HICOM Berhad,714
2020-03-14,DRB-HICOM Berhad,103
2020-03-15,DRB-HICOM Berhad,53
2020-03-16,DRB-HICOM Berhad,617
2020-03-17,DRB-HICOM Berhad,1321
2020-03-18,DRB-HICOM Berhad,185
2020-03-19,DRB-HICOM Berhad,164
2020-03-20,DRB-HICOM Berhad,57
2020-03-21,DRB-HICOM Berhad,7
2020-03-22,DRB-HICOM Berhad,1
2020-03-23,DRB-HICOM Berhad,14
2020-03-24,DRB-HICOM Berhad,26
2020-03-25,DRB-HICOM Berhad,12
2020-03-26,DRB-HICOM Berhad,21
2020-03-27,DRB-HICOM Berhad,21
2020-03-28,DRB-HICOM Berhad,8
2020-03-29,DRB-HICOM Berhad,0
2020-03-30,DRB-HICOM Berhad,92
2020-03-31,DRB-HICOM Berhad,79
2020-04-01,DRB-HICOM Berhad,0
2020-04-02,DRB-HICOM Berhad,0
2020-04-03,DRB-HICOM Berhad,5
2020-04-04,DRB-HICOM Berhad,0
2020-04-05,DRB-HICOM Berhad,0
2020-04-06,DRB-HICOM Berhad,0
2020-04-07,DRB-HICOM Berhad,2
2020-04-08,DRB-HICOM Berhad,3
2020-04-09,DRB-HICOM Berhad,1
2020-04-10,DRB-HICOM Berhad,2
2020-04-11,DRB-HICOM Berhad,0
2020-04-12,DRB-HICOM Berhad,0
2020-04-13,DRB-HICOM Berhad,16
2020-04-14,DRB-HICOM Berhad,3
2020-04-15,DRB-HICOM Berhad,1
2020-04-16,DRB-HICOM Berhad,1
2020-04-17,DRB-HICOM Berhad,1
2020-04-18,DRB-HICOM Berhad,2
2020-04-19,DRB-HICOM Berhad,0
2020-04-20,DRB-HICOM Berhad,4
2020-04-21,DRB-HICOM Berhad,1
2020-04-22,DRB-HICOM Berhad,1
2020-04-23,DRB-HICOM Berhad,2
2020-04-24,DRB-HICOM Berhad,1
2020-04-25,DRB-HICOM Berhad,0
2020-04-26,DRB-HICOM Berhad,1
2020-04-27,DRB-HICOM Berhad,1
2020-04-28,DRB-HICOM Berhad,2
2020-04-29,DRB-HICOM Berhad,1
2020-04-30,DRB-HICOM Berhad,2
2020-05-01,DRB-HICOM Berhad,0
2020-05-02,DRB-HICOM Berhad,1
2020-05-03,DRB-HICOM Berhad,0
2020-05-04,DRB-HICOM Berhad,9
2020-05-05,DRB-HICOM Berhad,14
2020-05-06,DRB-HICOM Berhad,11
2020-05-07,DRB-HICOM Berhad,4
2020-05-08,DRB-HICOM Berhad,39
2020-05-09,DRB-HICOM Berhad,9
2020-05-10,DRB-HICOM Berhad,1
2020-05-11,DRB-HICOM Berhad,28
2020-05-12,DRB-HICOM Berhad,101
2020-05-13,DRB-HICOM Berhad,458
2020-05-14,DRB-HICOM Berhad,527
2020-05-15,DRB-HICOM Berhad,552
2020-05-16,DRB-HICOM Berhad,167
2020-05-17,DRB-HICOM Berhad,30
2020-05-18,DRB-HICOM Berhad,725
2020-05-19,DRB-HICOM Berhad,981
2020-05-20,DRB-HICOM Berhad,1013
2020-05-21,DRB-HICOM Berhad,1071
2020-05-22,DRB-HICOM Berhad,846
2020-05-23,DRB-HICOM Berhad,46
2020-05-24,DRB-HICOM Berhad,0
2020-05-25,DRB-HICOM Berhad,3
2020-05-26,DRB-HICOM Berhad,8
2020-05-27,DRB-HICOM Berhad,503
2020-05-28,DRB-HICOM Berhad,866
2020-05-29,DRB-HICOM Berhad,1025
2020-05-30,DRB-HICOM Berhad,576
2020-05-31,DRB-HICOM Berhad,126
2020-06-01,DRB-HICOM Berhad,208
2020-06-02,DRB-HICOM Berhad,202
2020-06-03,DRB-HICOM Berhad,221
2020-06-04,DRB-HICOM Berhad,239
2020-06-05,DRB-HICOM Berhad,294
2020-06-06,DRB-HICOM Berhad,21
2020-06-07,DRB-HICOM Berhad,6
2020-06-08,DRB-HICOM Berhad,0
2020-06-09,DRB-HICOM Berhad,52
2020-06-10,DRB-HICOM Berhad,110
2020-06-11,DRB-HICOM Berhad,75
2020-06-12,DRB-HICOM Berhad,68
2020-06-13,DRB-HICOM Berhad,13
2020-06-14,DRB-HICOM Berhad,3
2020-06-15,DRB-HICOM Berhad,269
2020-06-16,DRB-HICOM Berhad,386
2020-06-17,DRB-HICOM Berhad,540
2020-06-18,DRB-HICOM Berhad,725
2020-06-19,DRB-HICOM Berhad,621
2020-06-20,DRB-HICOM Berhad,167
2020-06-21,DRB-HICOM Berhad,34
2020-06-22,DRB-HICOM Berhad,891
2020-06-23,DRB-HICOM Berhad,947
2020-06-24,DRB-HICOM Berhad,898
2020-06-25,DRB-HICOM Berhad,1018
2020-06-26,DRB-HICOM Berhad,1649
2020-06-27,DRB-HICOM Berhad,532
2020-06-28,DRB-HICOM Berhad,116
2020-06-29,DRB-HICOM Berhad,1871
2020-06-30,DRB-HICOM Berhad,3120
2020-07-01,DRB-HICOM Berhad,484
2020-07-02,DRB-HICOM Berhad,419
2020-07-03,DRB-HICOM Berhad,396
2020-07-04,DRB-HICOM Berhad,74
2020-07-05,DRB-HICOM Berhad,50
2020-07-06,DRB-HICOM Berhad,396
2020-07-07,DRB-HICOM Berhad,562
2020-07-08,DRB-HICOM Berhad,775
2020-07-09,DRB-HICOM Berhad,889
2020-07-10,DRB-HICOM Berhad,723
2020-07-11,DRB-HICOM Berhad,167
2020-07-12,DRB-HICOM Berhad,35
2020-07-13,DRB-HICOM Berhad,711
2020-07-14,DRB-HICOM Berhad,946
2020-07-15,DRB-HICOM Berhad,1043
2020-07-16,DRB-HICOM Berhad,1000
2020-07-17,DRB-HICOM Berhad,879
2020-07-18,DRB-HICOM Berhad,176
2020-07-19,DRB-HICOM Berhad,51
2020-07-20,DRB-HICOM Berhad,867
2020-07-21,DRB-HICOM Berhad,1112
2020-07-22,DRB-HICOM Berhad,1013
2020-07-23,DRB-HICOM Berhad,1275
2020-07-24,DRB-HICOM Berhad,1252
2020-07-25,DRB-HICOM Berhad,446
2020-07-26,DRB-HICOM Berhad,93
2020-07-27,DRB-HICOM Berhad,1538
2020-07-28,DRB-HICOM Berhad,1710
2020-07-29,DRB-HICOM Berhad,2012
2020-07-30,DRB-HICOM Berhad,1737
2020-07-31,DRB-HICOM Berhad,36
2020-08-01,DRB-HICOM Berhad,21
2020-08-02,DRB-HICOM Berhad,1
2020-08-03,DRB-HICOM Berhad,198
2020-08-04,DRB-HICOM Berhad,236
2020-08-05,DRB-HICOM Berhad,353
2020-08-06,DRB-HICOM Berhad,427
2020-08-07,DRB-HICOM Berhad,443
2020-08-08,DRB-HICOM Berhad,101
2020-08-09,DRB-HICOM Berhad,32
2020-08-10,DRB-HICOM Berhad,441
2020-08-11,DRB-HICOM Berhad,643
2020-08-12,DRB-HICOM Berhad,649
2020-08-13,DRB-HICOM Berhad,835
2020-08-14,DRB-HICOM Berhad,875
2020-08-15,DRB-HICOM Berhad,178
2020-08-16,DRB-HICOM Berhad,41
2020-08-17,DRB-HICOM Berhad,883
2020-08-18,DRB-HICOM Berhad,1063
2020-08-19,DRB-HICOM Berhad,1376
2020-08-20,DRB-HICOM Berhad,91
2020-08-21,DRB-HICOM Berhad,1130
2020-08-22,DRB-HICOM Berhad,239
2020-08-23,DRB-HICOM Berhad,82
2020-08-24,DRB-HICOM Berhad,1157
2020-08-25,DRB-HICOM Berhad,1385
2020-08-26,DRB-HICOM Berhad,1621
2020-08-27,DRB-HICOM Berhad,1907
2020-08-28,DRB-HICOM Berhad,2124
2020-08-29,DRB-HICOM Berhad,1056
2020-08-30,DRB-HICOM Berhad,474
2020-08-31,DRB-HICOM Berhad,52
2020-09-01,DRB-HICOM Berhad,183
2020-09-02,DRB-HICOM Berhad,274
2020-09-03,DRB-HICOM Berhad,394
2020-09-04,DRB-HICOM Berhad,460
2020-09-05,DRB-HICOM Berhad,127
2020-09-06,DRB-HICOM Berhad,43
2020-09-07,DRB-HICOM Berhad,537
2020-09-08,DRB-HICOM Berhad,649
2020-09-09,DRB-HICOM Berhad,779
2020-09-10,DRB-HICOM Berhad,851
2020-09-11,DRB-HICOM Berhad,775
2020-09-12,DRB-HICOM Berhad,186
2020-09-13,DRB-HICOM Berhad,55
2020-09-14,DRB-HICOM Berhad,796
2020-09-15,DRB-HICOM Berhad,1047
2020-09-16,DRB-HICOM Berhad,19
2020-09-17,DRB-HICOM Berhad,1138
2020-09-18,DRB-HICOM Berhad,1024
2020-09-19,DRB-HICOM Berhad,241
2020-09-20,DRB-HICOM Berhad,65
2020-09-21,DRB-HICOM Berhad,962
2020-09-22,DRB-HICOM Berhad,1016
2020-09-23,DRB-HICOM Berhad,1142
2020-09-24,DRB-HICOM Berhad,1107
2020-09-25,DRB-HICOM Berhad,1264
2020-09-26,DRB-HICOM Berhad,289
2020-09-27,DRB-HICOM Berhad,96
2020-09-28,DRB-HICOM Berhad,1278
2020-09-29,DRB-HICOM Berhad,1794
2020-09-30,DRB-HICOM Berhad,2734
2020-10-01,DRB-HICOM Berhad,258
2020-10-02,DRB-HICOM Berhad,212
2020-10-03,DRB-HICOM Berhad,55
2020-10-04,DRB-HICOM Berhad,20
2020-10-05,DRB-HICOM Berhad,301
2020-10-06,DRB-HICOM Berhad,360
2020-10-07,DRB-HICOM Berhad,565
2020-10-08,DRB-HICOM Berhad,611
2020-10-09,DRB-HICOM Berhad,536
2020-10-10,DRB-HICOM Berhad,95
2020-10-11,DRB-HICOM Berhad,44
2020-10-12,DRB-HICOM Berhad,467
2020-10-13,DRB-HICOM Berhad,638
2020-10-14,DRB-HICOM Berhad,727
2020-10-15,DRB-HICOM Berhad,730
2020-10-16,DRB-HICOM Berhad,601
2020-10-17,DRB-HICOM Berhad,107
2020-10-18,DRB-HICOM Berhad,31
2020-10-19,DRB-HICOM Berhad,646
2020-10-20,DRB-HICOM Berhad,757
2020-10-21,DRB-HICOM Berhad,826
2020-10-22,DRB-HICOM Berhad,817
2020-10-23,DRB-HICOM Berhad,760
2020-10-24,DRB-HICOM Berhad,163
2020-10-25,DRB-HICOM Berhad,68
2020-10-26,DRB-HICOM Berhad,1019
2020-10-27,DRB-HICOM Berhad,1294
2020-10-28,DRB-HICOM Berhad,1825
2020-10-29,DRB-HICOM Berhad,332
2020-10-30,DRB-HICOM Berhad,2561
2020-10-31,DRB-HICOM Berhad,1676
2020-11-01,DRB-HICOM Berhad,37
2020-11-02,DRB-HICOM Berhad,330
2020-11-03,DRB-HICOM Berhad,504
2020-11-04,DRB-HICOM Berhad,408
2020-11-05,DRB-HICOM Berhad,499
2020-11-06,DRB-HICOM Berhad,386
2020-11-07,DRB-HICOM Berhad,103
2020-11-08,DRB-HICOM Berhad,41
2020-11-09,DRB-HICOM Berhad,583
2020-11-10,DRB-HICOM Berhad,558
2020-11-11,DRB-HICOM Berhad,633
2020-11-12,DRB-HICOM Berhad,680
2020-11-13,DRB-HICOM Berhad,783
2020-11-14,DRB-HICOM Berhad,12
2020-11-15,DRB-HICOM Berhad,33
2020-11-16,DRB-HICOM Berhad,653
2020-11-17,DRB-HICOM Berhad,859
2020-11-18,DRB-HICOM Berhad,1008
2020-11-19,DRB-HICOM Berhad,936
2020-11-20,DRB-HICOM Berhad,949
2020-11-21,DRB-HICOM Berhad,163
2020-11-22,DRB-HICOM Berhad,51
2020-11-23,DRB-HICOM Berhad,1287
2020-11-24,DRB-HICOM Berhad,1396
2020-11-25,DRB-HICOM Berhad,1495
2020-11-26,DRB-HICOM Berhad,1726
2020-11-27,DRB-HICOM Berhad,1914
2020-11-28,DRB-HICOM Berhad,820
2020-11-29,DRB-HICOM Berhad,240
2020-11-30,DRB-HICOM Berhad,3824
2020-12-01,DRB-HICOM Berhad,287
2020-12-02,DRB-HICOM Berhad,326
2020-12-03,DRB-HICOM Berhad,350
2020-12-04,DRB-HICOM Berhad,346
2020-12-05,DRB-HICOM Berhad,64
2020-12-06,DRB-HICOM Berhad,35
2020-12-07,DRB-HICOM Berhad,556
2020-12-08,DRB-HICOM Berhad,644
2020-12-09,DRB-HICOM Berhad,810
2020-12-10,DRB-HICOM Berhad,940
2020-12-11,DRB-HICOM Berhad,543
2020-12-12,DRB-HICOM Berhad,151
2020-12-13,DRB-HICOM Berhad,40
2020-12-14,DRB-HICOM Berhad,965
2020-12-15,DRB-HICOM Berhad,1159
2020-12-16,DRB-HICOM Berhad,1037
2020-12-17,DRB-HICOM Berhad,1154
2020-12-18,DRB-HICOM Berhad,1006
2020-12-19,DRB-HICOM Berhad,270
2020-12-20,DRB-HICOM Berhad,73
2020-12-21,DRB-HICOM Berhad,1242
2020-12-22,DRB-HICOM Berhad,1442
2020-12-23,DRB-HICOM Berhad,1547
2020-12-24,DRB-HICOM Berhad,1536
2020-12-25,DRB-HICOM Berhad,34
2020-12-26,DRB-HICOM Berhad,342
2020-12-27,DRB-HICOM Berhad,78
2020-12-28,DRB-HICOM Berhad,1907
2020-12-29,DRB-HICOM Berhad,2505
2020-12-30,DRB-HICOM Berhad,2805
2020-12-31,DRB-HICOM Berhad,3639
2021-01-01,DRB-HICOM Berhad,17
2021-01-02,DRB-HICOM Berhad,23
2021-01-03,DRB-HICOM Berhad,7
2021-01-04,DRB-HICOM Berhad,169
2021-01-05,DRB-HICOM Berhad,189
2021-01-06,DRB-HICOM Berhad,254
2021-01-07,DRB-HICOM Berhad,283
2021-01-08,DRB-HICOM Berhad,319
2021-01-09,DRB-HICOM Berhad,45
2021-01-10,DRB-HICOM Berhad,25
2021-01-11,DRB-HICOM Berhad,222
2021-01-12,DRB-HICOM Berhad,436
2021-01-13,DRB-HICOM Berhad,286
2021-01-14,DRB-HICOM Berhad,297
2021-01-15,DRB-HICOM Berhad,120
2021-01-16,DRB-HICOM Berhad,6
2021-01-17,DRB-HICOM Berhad,15
2021-01-18,DRB-HICOM Berhad,113
2021-01-19,DRB-HICOM Berhad,117
2021-01-20,DRB-HICOM Berhad,224
2021-01-21,DRB-HICOM Berhad,321
2021-01-22,DRB-HICOM Berhad,276
2021-01-23,DRB-HICOM Berhad,748
2021-01-24,DRB-HICOM Berhad,48
2021-01-25,DRB-HICOM Berhad,672
2021-01-26,DRB-HICOM Berhad,745
2021-01-27,DRB-HICOM Berhad,787
2021-01-28,DRB-HICOM Berhad,588
2021-01-29,DRB-HICOM Berhad,1430
2021-01-30,DRB-HICOM Berhad,894
2021-01-31,DRB-HICOM Berhad,589
2021-02-01,DRB-HICOM Berhad,216
2021-02-02,DRB-HICOM Berhad,422
2021-02-03,DRB-HICOM Berhad,485
2021-02-04,DRB-HICOM Berhad,531
2021-02-05,DRB-HICOM Berhad,588
2021-02-06,DRB-HICOM Berhad,236
2021-02-07,DRB-HICOM Berhad,77
2021-02-08,DRB-HICOM Berhad,894
2021-02-09,DRB-HICOM Berhad,954
2021-02-10,DRB-HICOM Berhad,903
2021-02-11,DRB-HICOM Berhad,605
2021-02-12,DRB-HICOM Berhad,5
2021-02-13,DRB-HICOM Berhad,4
2021-02-14,DRB-HICOM Berhad,5
2021-02-15,DRB-HICOM Berhad,588
2021-02-16,DRB-HICOM Berhad,607
2021-02-17,DRB-HICOM Berhad,614
2021-02-18,DRB-HICOM Berhad,841
2021-02-19,DRB-HICOM Berhad,698
2021-02-20,DRB-HICOM Berhad,206
2021-02-21,DRB-HICOM Berhad,66
2021-02-22,DRB-HICOM Berhad,944
2021-02-23,DRB-HICOM Berhad,1151
2021-02-24,DRB-HICOM Berhad,1380
2021-02-25,DRB-HICOM Berhad,1597
2021-02-26,DRB-HICOM Berhad,2089
2021-02-27,DRB-HICOM Berhad,1052
2021-02-28,DRB-HICOM Berhad,955
2021-03-01,DRB-HICOM Berhad,236
2021-03-02,DRB-HICOM Berhad,265
2021-03-03,DRB-HICOM Berhad,367
2021-03-04,DRB-HICOM Berhad,438
2021-03-05,DRB-HICOM Berhad,422
2021-03-06,DRB-HICOM Berhad,122
2021-03-07,DRB-HICOM Berhad,30
2021-03-08,DRB-HICOM Berhad,580
2021-03-09,DRB-HICOM Berhad,665
2021-03-10,DRB-HICOM Berhad,740
2021-03-11,DRB-HICOM Berhad,739
2021-03-12,DRB-HICOM Berhad,778
2021-03-13,DRB-HICOM Berhad,179
2021-03-14,DRB-HICOM Berhad,57
2021-03-15,DRB-HICOM Berhad,790
2021-03-16,DRB-HICOM Berhad,842
2021-03-17,DRB-HICOM Berhad,991
2021-03-18,DRB-HICOM Berhad,1097
2021-03-19,DRB-HICOM Berhad,996
2021-03-20,DRB-HICOM Berhad,250
2021-03-21,DRB-HICOM Berhad,75
2021-03-22,DRB-HICOM Berhad,1126
2021-03-23,DRB-HICOM Berhad,1166
2021-03-24,DRB-HICOM Berhad,1469
2021-03-25,DRB-HICOM Berhad,1569
2021-03-26,DRB-HICOM Berhad,1518
2021-03-27,DRB-HICOM Berhad,477
2021-03-28,DRB-HICOM Berhad,97
2021-03-29,DRB-HICOM Berhad,2019
2021-03-30,DRB-HICOM Berhad,2915
2021-03-31,DRB-HICOM Berhad,4323
2021-04-01,DRB-HICOM Berhad,279
2021-04-02,DRB-HICOM Berhad,226
2021-04-03,DRB-HICOM Berhad,34
2021-04-04,DRB-HICOM Berhad,23
2021-04-05,DRB-HICOM Berhad,262
2021-04-06,DRB-HICOM Berhad,330
2021-04-07,DRB-HICOM Berhad,413
2021-04-08,DRB-HICOM Berhad,547
2021-04-09,DRB-HICOM Berhad,567
2021-04-10,DRB-HICOM Berhad,124
2021-04-11,DRB-HICOM Berhad,52
2021-04-12,DRB-HICOM Berhad,670
2021-04-13,DRB-HICOM Berhad,685
2021-04-14,DRB-HICOM Berhad,828
2021-04-15,DRB-HICOM Berhad,896
2021-04-16,DRB-HICOM Berhad,901
2021-04-17,DRB-HICOM Berhad,247
2021-04-18,DRB-HICOM Berhad,52
2021-04-19,DRB-HICOM Berhad,936
2021-04-20,DRB-HICOM Berhad,1137
2021-04-21,DRB-HICOM Berhad,1267
2021-04-22,DRB-HICOM Berhad,1250
2021-04-23,DRB-HICOM Berhad,1154
2021-04-24,DRB-HICOM Berhad,356
2021-04-25,DRB-HICOM Berhad,104
2021-04-26,DRB-HICOM Berhad,1470
2021-04-27,DRB-HICOM Berhad,1919
2021-04-28,DRB-HICOM Berhad,2311
2021-04-29,DRB-HICOM Berhad,1191
2021-04-30,DRB-HICOM Berhad,3367
2021-05-01,DRB-HICOM Berhad,8
2021-05-02,DRB-HICOM Berhad,47
2021-05-03,DRB-HICOM Berhad,267
2021-05-04,DRB-HICOM Berhad,314
2021-05-05,DRB-HICOM Berhad,537
2021-05-06,DRB-HICOM Berhad,583
2021-05-07,DRB-HICOM Berhad,659
2021-05-08,DRB-HICOM Berhad,209
2021-05-09,DRB-HICOM Berhad,73
2021-05-10,DRB-HICOM Berhad,1027
2021-05-11,DRB-HICOM Berhad,1324
2021-05-12,DRB-HICOM Berhad,563
2021-05-13,DRB-HICOM Berhad,1
2021-05-14,DRB-HICOM Berhad,2
2021-05-15,DRB-HICOM Berhad,37
2021-05-16,DRB-HICOM Berhad,16
2021-05-17,DRB-HICOM Berhad,483
2021-05-18,DRB-HICOM Berhad,612
2021-05-19,DRB-HICOM Berhad,632
2021-05-20,DRB-HICOM Berhad,827
2021-05-21,DRB-HICOM Berhad,940
2021-05-22,DRB-HICOM Berhad,144
2021-05-23,DRB-HICOM Berhad,58
2021-05-24,DRB-HICOM Berhad,796
2021-05-25,DRB-HICOM Berhad,1095
2021-05-26,DRB-HICOM Berhad,195
2021-05-27,DRB-HICOM Berhad,1301
2021-05-28,DRB-HICOM Berhad,1479
2021-05-29,DRB-HICOM Berhad,708
2021-05-30,DRB-HICOM Berhad,194
2021-05-31,DRB-HICOM Berhad,2215
2021-06-01,DRB-HICOM Berhad,36
2021-06-02,DRB-HICOM Berhad,26
2021-06-03,DRB-HICOM Berhad,26
2021-06-04,DRB-HICOM Berhad,27
2021-06-05,DRB-HICOM Berhad,8
2021-06-06,DRB-HICOM Berhad,2
2021-06-07,DRB-HICOM Berhad,0
2021-06-08,DRB-HICOM Berhad,27
2021-06-09,DRB-HICOM Berhad,53
2021-06-10,DRB-HICOM Berhad,30
2021-06-11,DRB-HICOM Berhad,29
2021-06-12,DRB-HICOM Berhad,3
2021-06-13,DRB-HICOM Berhad,4
2021-06-14,DRB-HICOM Berhad,31
2021-06-15,DRB-HICOM Berhad,21
2021-06-16,DRB-HICOM Berhad,30
2021-06-17,DRB-HICOM Berhad,36
2021-06-18,DRB-HICOM Berhad,30
2021-06-19,DRB-HICOM Berhad,10
2021-06-20,DRB-HICOM Berhad,4
2021-06-21,DRB-HICOM Berhad,24
2021-06-22,DRB-HICOM Berhad,24
2021-06-23,DRB-HICOM Berhad,42
2021-06-24,DRB-HICOM Berhad,36
2021-06-25,DRB-HICOM Berhad,31
2021-06-26,DRB-HICOM Berhad,8
2021-06-27,DRB-HICOM Berhad,17
2021-06-28,DRB-HICOM Berhad,35
2021-06-29,DRB-HICOM Berhad,35
2021-06-30,DRB-HICOM Berhad,51
2021-07-01,DRB-HICOM Berhad,72
2021-07-02,DRB-HICOM Berhad,102
2021-07-03,DRB-HICOM Berhad,13
2021-07-04,DRB-HICOM Berhad,6
2021-07-05,DRB-HICOM Berhad,89
2021-07-06,DRB-HICOM Berhad,90
2021-07-07,DRB-HICOM Berhad,122
2021-07-08,DRB-HICOM Berhad,122
2021-07-09,DRB-HICOM Berhad,118
2021-07-10,DRB-HICOM Berhad,21
2021-07-11,DRB-HICOM Berhad,19
2021-07-12,DRB-HICOM Berhad,120
2021-07-13,DRB-HICOM Berhad,116
2021-07-14,DRB-HICOM Berhad,138
2021-07-15,DRB-HICOM Berhad,157
2021-07-16,DRB-HICOM Berhad,124
2021-07-17,DRB-HICOM Berhad,35
2021-07-18,DRB-HICOM Berhad,23
2021-07-19,DRB-HICOM Berhad,139
2021-07-20,DRB-HICOM Berhad,1
2021-07-21,DRB-HICOM Berhad,170
2021-07-22,DRB-HICOM Berhad,134
2021-07-23,DRB-HICOM Berhad,148
2021-07-24,DRB-HICOM Berhad,48
2021-07-25,DRB-HICOM Berhad,34
2021-07-26,DRB-HICOM Berhad,228
2021-07-27,DRB-HICOM Berhad,267
2021-07-28,DRB-HICOM Berhad,369
2021-07-29,DRB-HICOM Berhad,459
2021-07-30,DRB-HICOM Berhad,356
2021-07-31,DRB-HICOM Berhad,98
2021-08-01,DRB-HICOM Berhad,6
2021-08-02,DRB-HICOM Berhad,96
2021-08-03,DRB-HICOM Berhad,130
2021-08-04,DRB-HICOM Berhad,130
2021-08-05,DRB-HICOM Berhad,130
2021-08-06,DRB-HICOM Berhad,131
2021-08-07,DRB-HICOM Berhad,25
2021-08-08,DRB-HICOM Berhad,16
2021-08-09,DRB-HICOM Berhad,177
2021-08-10,DRB-HICOM Berhad,19
2021-08-11,DRB-HICOM Berhad,199
2021-08-12,DRB-HICOM Berhad,245
2021-08-13,DRB-HICOM Berhad,222
2021-08-14,DRB-HICOM Berhad,48
2021-08-15,DRB-HICOM Berhad,14
2021-08-16,DRB-HICOM Berhad,229
2021-08-17,DRB-HICOM Berhad,250
2021-08-18,DRB-HICOM Berhad,225
2021-08-19,DRB-HICOM Berhad,233
2021-08-20,DRB-HICOM Berhad,214
2021-08-21,DRB-HICOM Berhad,64
2021-08-22,DRB-HICOM Berhad,12
2021-08-23,DRB-HICOM Berhad,296
2021-08-24,DRB-HICOM Berhad,299
2021-08-25,DRB-HICOM Berhad,366
2021-08-26,DRB-HICOM Berhad,455
2021-08-27,DRB-HICOM Berhad,519
2021-08-28,DRB-HICOM Berhad,198
2021-08-29,DRB-HICOM Berhad,68
2021-08-30,DRB-HICOM Berhad,919
2021-08-31,DRB-HICOM Berhad,109
2021-09-01,DRB-HICOM Berhad,114
2021-09-02,DRB-HICOM Berhad,147
2021-09-03,DRB-HICOM Berhad,132
2021-09-04,DRB-HICOM Berhad,37
2021-09-05,DRB-HICOM Berhad,15
2021-09-06,DRB-HICOM Berhad,134
2021-09-07,DRB-HICOM Berhad,158
2021-09-08,DRB-HICOM Berhad,243
2021-09-09,DRB-HICOM Berhad,316
2021-09-10,DRB-HICOM Berhad,406
2021-09-11,DRB-HICOM Berhad,107
2021-09-12,DRB-HICOM Berhad,37
2021-09-13,DRB-HICOM Berhad,439
2021-09-14,DRB-HICOM Berhad,644
2021-09-15,DRB-HICOM Berhad,784
2021-09-16,DRB-HICOM Berhad,31
2021-09-17,DRB-HICOM Berhad,804
2021-09-18,DRB-HICOM Berhad,184
2021-09-19,DRB-HICOM Berhad,75
2021-09-20,DRB-HICOM Berhad,853
2021-09-21,DRB-HICOM Berhad,886
2021-09-22,DRB-HICOM Berhad,908
2021-09-23,DRB-HICOM Berhad,1252
2021-09-24,DRB-HICOM Berhad,1073
2021-09-25,DRB-HICOM Berhad,271
2021-09-26,DRB-HICOM Berhad,96
2021-09-27,DRB-HICOM Berhad,1276
2021-09-28,DRB-HICOM Berhad,1793
2021-09-29,DRB-HICOM Berhad,2107
2021-09-30,DRB-HICOM Berhad,2683
2021-10-01,DRB-HICOM Berhad,246
2021-10-02,DRB-HICOM Berhad,34
2021-10-03,DRB-HICOM Berhad,27
2021-10-04,DRB-HICOM Berhad,281
2021-10-05,DRB-HICOM Berhad,292
2021-10-06,DRB-HICOM Berhad,367
2021-10-07,DRB-HICOM Berhad,438
2021-10-08,DRB-HICOM Berhad,459
2021-10-09,DRB-HICOM Berhad,109
2021-10-10,DRB-HICOM Berhad,30
2021-10-11,DRB-HICOM Berhad,729
2021-10-12,DRB-HICOM Berhad,850
2021-10-13,DRB-HICOM Berhad,864
2021-10-14,DRB-HICOM Berhad,1078
2021-10-15,DRB-HICOM Berhad,1032
2021-10-16,DRB-HICOM Berhad,230
2021-10-17,DRB-HICOM Berhad,50
2021-10-18,DRB-HICOM Berhad,1053
2021-10-19,DRB-HICOM Berhad,116
2021-10-20,DRB-HICOM Berhad,1174
2021-10-21,DRB-HICOM Berhad,1383
2021-10-22,DRB-HICOM Berhad,1259
2021-10-23,DRB-HICOM Berhad,340
2021-10-24,DRB-HICOM Berhad,75
2021-10-25,DRB-HICOM Berhad,1214
2021-10-26,DRB-HICOM Berhad,1488
2021-10-27,DRB-HICOM Berhad,1668
2021-10-28,DRB-HICOM Berhad,1959
2021-10-29,DRB-HICOM Berhad,2370
2021-10-30,DRB-HICOM Berhad,1293
2021-10-31,DRB-HICOM Berhad,943
2021-11-01,DRB-HICOM Berhad,332
2021-11-02,DRB-HICOM Berhad,370
2021-11-03,DRB-HICOM Berhad,435
2021-11-04,DRB-HICOM Berhad,25
2021-11-05,DRB-HICOM Berhad,397
2021-11-06,DRB-HICOM Berhad,92
2021-11-07,DRB-HICOM Berhad,30
2021-11-08,DRB-HICOM Berhad,403
2021-11-09,DRB-HICOM Berhad,551
2021-11-10,DRB-HICOM Berhad,789
2021-11-11,DRB-HICOM Berhad,879
2021-11-12,DRB-HICOM Berhad,885
2021-11-13,DRB-HICOM Berhad,169
2021-11-14,DRB-HICOM Berhad,48
2021-11-15,DRB-HICOM Berhad,823
2021-11-16,DRB-HICOM Berhad,1010
2021-11-17,DRB-HICOM Berhad,1158
2021-11-18,DRB-HICOM Berhad,1195
2021-11-19,DRB-HICOM Berhad,1061
2021-11-20,DRB-HICOM Berhad,231
2021-11-21,DRB-HICOM Berhad,78
2021-11-22,DRB-HICOM Berhad,1015
2021-11-23,DRB-HICOM Berhad,1389
2021-11-24,DRB-HICOM Berhad,1560
2021-11-25,DRB-HICOM Berhad,1658
2021-11-26,DRB-HICOM Berhad,1685
2021-11-27,DRB-HICOM Berhad,772
2021-11-28,DRB-HICOM Berhad,256
2021-11-29,DRB-HICOM Berhad,2600
2021-11-30,DRB-HICOM Berhad,3963
2021-12-01,DRB-HICOM Berhad,280
2021-12-02,DRB-HICOM Berhad,286
2021-12-03,DRB-HICOM Berhad,215
2021-12-04,DRB-HICOM Berhad,71
2021-12-05,DRB-HICOM Berhad,36
2021-12-06,DRB-HICOM Berhad,368
2021-12-07,DRB-HICOM Berhad,435
2021-12-08,DRB-HICOM Berhad,636
2021-12-09,DRB-HICOM Berhad,42
2021-12-10,DRB-HICOM Berhad,1255
2021-12-11,DRB-HICOM Berhad,288
2021-12-12,DRB-HICOM Berhad,65
2021-12-13,DRB-HICOM Berhad,888
2021-12-14,DRB-HICOM Berhad,1057
2021-12-15,DRB-HICOM Berhad,1146
2021-12-16,DRB-HICOM Berhad,1175
2021-12-17,DRB-HICOM Berhad,1042
2021-12-18,DRB-HICOM Berhad,197
2021-12-19,DRB-HICOM Berhad,75
2021-12-20,DRB-HICOM Berhad,902
2021-12-21,DRB-HICOM Berhad,1234
2021-12-22,DRB-HICOM Berhad,1629
2021-12-23,DRB-HICOM Berhad,1792
2021-12-24,DRB-HICOM Berhad,1282
2021-12-25,DRB-HICOM Berhad,42
2021-12-26,DRB-HICOM Berhad,61
2021-12-27,DRB-HICOM Berhad,1496
2021-12-28,DRB-HICOM Berhad,1741
2021-12-29,DRB-HICOM Berhad,2140
2021-12-30,DRB-HICOM Berhad,2137
2021-12-31,DRB-HICOM Berhad,2228
2022-01-01,DRB-HICOM Berhad,11
2022-01-02,DRB-HICOM Berhad,10
2022-01-03,DRB-HICOM Berhad,76
2022-01-04,DRB-HICOM Berhad,106
2022-01-05,DRB-HICOM Berhad,112
2022-01-06,DRB-HICOM Berhad,208
2022-01-07,DRB-HICOM Berhad,195
2022-01-08,DRB-HICOM Berhad,0
2022-01-09,DRB-HICOM Berhad,12
2022-01-10,DRB-HICOM Berhad,181
2022-01-11,DRB-HICOM Berhad,210
2022-01-12,DRB-HICOM Berhad,185
2022-01-13,DRB-HICOM Berhad,319
2022-01-14,DRB-HICOM Berhad,397
2022-01-15,DRB-HICOM Berhad,84
2022-01-16,DRB-HICOM Berhad,45
2022-01-17,DRB-HICOM Berhad,610
2022-01-18,DRB-HICOM Berhad,148
2022-01-19,DRB-HICOM Berhad,699
2022-01-20,DRB-HICOM Berhad,721
2022-01-21,DRB-HICOM Berhad,703
2022-01-22,DRB-HICOM Berhad,134
2022-01-23,DRB-HICOM Berhad,38
2022-01-24,DRB-HICOM Berhad,774
2022-01-25,DRB-HICOM Berhad,1100
2022-01-26,DRB-HICOM Berhad,1360
2022-01-27,DRB-HICOM Berhad,1366
2022-01-28,DRB-HICOM Berhad,1332
2022-01-29,DRB-HICOM Berhad,352
2022-01-30,DRB-HICOM Berhad,92
2022-01-31,DRB-HICOM Berhad,969
2022-02-01,DRB-HICOM Berhad,0
2022-02-02,DRB-HICOM Berhad,2
2022-02-03,DRB-HICOM Berhad,48
2022-02-04,DRB-HICOM Berhad,76
2022-02-05,DRB-HICOM Berhad,19
2022-02-06,DRB-HICOM Berhad,6
2022-02-07,DRB-HICOM Berhad,173
2022-02-08,DRB-HICOM Berhad,225
2022-02-09,DRB-HICOM Berhad,302
2022-02-10,DRB-HICOM Berhad,536
2022-02-11,DRB-HICOM Berhad,535
2022-02-12,DRB-HICOM Berhad,126
2022-02-13,DRB-HICOM Berhad,35
2022-02-14,DRB-HICOM Berhad,666
2022-02-15,DRB-HICOM Berhad,755
2022-02-16,DRB-HICOM Berhad,752
2022-02-17,DRB-HICOM Berhad,808
2022-02-18,DRB-HICOM Berhad,735
2022-02-19,DRB-HICOM Berhad,129
2022-02-20,DRB-HICOM Berhad,70
2022-02-21,DRB-HICOM Berhad,824
2022-02-22,DRB-HICOM Berhad,1277
2022-02-23,DRB-HICOM Berhad,1520
2022-02-24,DRB-HICOM Berhad,1719
2022-02-25,DRB-HICOM Berhad,2100
2022-02-26,DRB-HICOM Berhad,1020
2022-02-27,DRB-HICOM Berhad,336
2022-02-28,DRB-HICOM Berhad,2981
2022-03-01,DRB-HICOM Berhad,2159
2022-03-02,DRB-HICOM Berhad,453
2022-03-03,DRB-HICOM Berhad,412
2022-03-04,DRB-HICOM Berhad,297
2022-03-05,DRB-HICOM Berhad,76
2022-03-06,DRB-HICOM Berhad,33
2022-03-07,DRB-HICOM Berhad,465
2022-03-08,DRB-HICOM Berhad,345
2022-03-09,DRB-HICOM Berhad,910
2022-03-10,DRB-HICOM Berhad,902
2022-03-11,DRB-HICOM Berhad,929
2022-03-12,DRB-HICOM Berhad,177
2022-03-13,DRB-HICOM Berhad,56
2022-03-14,DRB-HICOM Berhad,783
2022-03-15,DRB-HICOM Berhad,932
2022-03-16,DRB-HICOM Berhad,1013
2022-03-17,DRB-HICOM Berhad,1051
2022-03-18,DRB-HICOM Berhad,1013
2022-03-19,DRB-HICOM Berhad,231
2022-03-20,DRB-HICOM Berhad,87
2022-03-21,DRB-HICOM Berhad,1145
2022-03-22,DRB-HICOM Berhad,1396
2022-03-23,DRB-HICOM Berhad,1213
2022-03-24,DRB-HICOM Berhad,1404
2022-03-25,DRB-HICOM Berhad,1343
2022-03-26,DRB-HICOM Berhad,338
2022-03-27,DRB-HICOM Berhad,70
2022-03-28,DRB-HICOM Berhad,1749
2022-03-29,DRB-HICOM Berhad,2227
2022-03-30,DRB-HICOM Berhad,2555
2022-03-31,DRB-HICOM Berhad,2764
2022-04-01,DRB-HICOM Berhad,93
2022-04-02,DRB-HICOM Berhad,3
2022-04-03,DRB-HICOM Berhad,6
2022-04-04,DRB-HICOM Berhad,69
2022-04-05,DRB-HICOM Berhad,129
2022-04-06,DRB-HICOM Berhad,198
2022-04-07,DRB-HICOM Berhad,341
2022-04-08,DRB-HICOM Berhad,425
2022-04-09,DRB-HICOM Berhad,105
2022-04-10,DRB-HICOM Berhad,46
2022-04-11,DRB-HICOM Berhad,493
2022-04-12,DRB-HICOM Berhad,637
2022-04-13,DRB-HICOM Berhad,885
2022-04-14,DRB-HICOM Berhad,938
2022-04-15,DRB-HICOM Berhad,726
2022-04-16,DRB-HICOM Berhad,118
2022-04-17,DRB-HICOM Berhad,40
2022-04-18,DRB-HICOM Berhad,750
2022-04-19,DRB-HICOM Berhad,362
2022-04-20,DRB-HICOM Berhad,1000
2022-04-21,DRB-HICOM Berhad,1343
2022-04-22,DRB-HICOM Berhad,1340
2022-04-23,DRB-HICOM Berhad,346
2022-04-24,DRB-HICOM Berhad,86
2022-04-25,DRB-HICOM Berhad,1526
2022-04-26,DRB-HICOM Berhad,1696
2022-04-27,DRB-HICOM Berhad,1888
2022-04-28,DRB-HICOM Berhad,1778
2022-04-29,DRB-HICOM Berhad,1446
2022-04-30,DRB-HICOM Berhad,289
2022-05-01,DRB-HICOM Berhad,2
2022-05-02,DRB-HICOM Berhad,0
2022-05-03,DRB-HICOM Berhad,0
2022-05-04,DRB-HICOM Berhad,1
2022-05-05,DRB-HICOM Berhad,35
2022-05-06,DRB-HICOM Berhad,44
2022-05-07,DRB-HICOM Berhad,5
2022-05-08,DRB-HICOM Berhad,7
2022-05-09,DRB-HICOM Berhad,71
2022-05-10,DRB-HICOM Berhad,97
2022-05-11,DRB-HICOM Berhad,172
2022-05-12,DRB-HICOM Berhad,243
2022-05-13,DRB-HICOM Berhad,309
2022-05-14,DRB-HICOM Berhad,71
2022-05-15,DRB-HICOM Berhad,9
2022-05-16,DRB-HICOM Berhad,35
2022-05-17,DRB-HICOM Berhad,487
2022-05-18,DRB-HICOM Berhad,658
2022-05-19,DRB-HICOM Berhad,820
2022-05-20,DRB-HICOM Berhad,966
2022-05-21,DRB-HICOM Berhad,210
2022-05-22,DRB-HICOM Berhad,64
2022-05-23,DRB-HICOM Berhad,1127
2022-05-24,DRB-HICOM Berhad,1356
2022-05-25,DRB-HICOM Berhad,1670
2022-05-26,DRB-HICOM Berhad,1614
2022-05-27,DRB-HICOM Berhad,2083
2022-05-28,DRB-HICOM Berhad,650
2022-05-29,DRB-HICOM Berhad,133
2022-05-30,DRB-HICOM Berhad,2376
2022-05-31,DRB-HICOM Berhad,3646
2022-06-01,DRB-HICOM Berhad,190
2022-06-02,DRB-HICOM Berhad,176
2022-06-03,DRB-HICOM Berhad,208
2022-06-04,DRB-HICOM Berhad,19
2022-06-05,DRB-HICOM Berhad,42
2022-06-06,DRB-HICOM Berhad,0
2022-06-07,DRB-HICOM Berhad,213
2022-06-08,DRB-HICOM Berhad,332
2022-06-09,DRB-HICOM Berhad,610
2022-06-10,DRB-HICOM Berhad,660
2022-06-11,DRB-HICOM Berhad,131
2022-06-12,DRB-HICOM Berhad,58
2022-06-13,DRB-HICOM Berhad,841
2022-06-14,DRB-HICOM Berhad,898
2022-06-15,DRB-HICOM Berhad,1250
2022-06-16,DRB-HICOM Berhad,1255
2022-06-17,DRB-HICOM Berhad,1142
2022-06-18,DRB-HICOM Berhad,189
2022-06-19,DRB-HICOM Berhad,64
2022-06-20,DRB-HICOM Berhad,1107
2022-06-21,DRB-HICOM Berhad,1325
2022-06-22,DRB-HICOM Berhad,1395
2022-06-23,DRB-HICOM Berhad,1587
2022-06-24,DRB-HICOM Berhad,1587
2022-06-25,DRB-HICOM Berhad,407
2022-06-26,DRB-HICOM Berhad,129
2022-06-27,DRB-HICOM Berhad,1914
2022-06-28,DRB-HICOM Berhad,2345
2022-06-29,DRB-HICOM Berhad,3193
2022-06-30,DRB-HICOM Berhad,3858
2022-07-01,DRB-HICOM Berhad,240
2022-07-02,DRB-HICOM Berhad,23
2022-07-03,DRB-HICOM Berhad,17
2022-07-04,DRB-HICOM Berhad,130
2022-07-05,DRB-HICOM Berhad,138
2022-07-06,DRB-HICOM Berhad,152
2022-07-07,DRB-HICOM Berhad,356
2022-07-08,DRB-HICOM Berhad,624
2022-07-09,DRB-HICOM Berhad,122
2022-07-10,DRB-HICOM Berhad,0
2022-07-11,DRB-HICOM Berhad,12
2022-07-12,DRB-HICOM Berhad,547
2022-07-13,DRB-HICOM Berhad,625
2022-07-14,DRB-HICOM Berhad,700
2022-07-15,DRB-HICOM Berhad,703
2022-07-16,DRB-HICOM Berhad,141
2022-07-17,DRB-HICOM Berhad,44
2022-07-18,DRB-HICOM Berhad,850
2022-07-19,DRB-HICOM Berhad,933
2022-07-20,DRB-HICOM Berhad,959
2022-07-21,DRB-HICOM Berhad,989
2022-07-22,DRB-HICOM Berhad,897
2022-07-23,DRB-HICOM Berhad,182
2022-07-24,DRB-HICOM Berhad,67
2022-07-25,DRB-HICOM Berhad,1167
2022-07-26,DRB-HICOM Berhad,1487
2022-07-27,DRB-HICOM Berhad,2012
2022-07-28,DRB-HICOM Berhad,2638
2022-07-29,DRB-HICOM Berhad,2554
2022-07-30,DRB-HICOM Berhad,693
2022-07-31,DRB-HICOM Berhad,744
2022-08-01,DRB-HICOM Berhad,98
2022-08-02,DRB-HICOM Berhad,154
2022-08-03,DRB-HICOM Berhad,215
2022-08-04,DRB-HICOM Berhad,280
2022-08-05,DRB-HICOM Berhad,363
2022-08-06,DRB-HICOM Berhad,67
2022-08-07,DRB-HICOM Berhad,28
2022-08-08,DRB-HICOM Berhad,545
2022-08-09,DRB-HICOM Berhad,728
2022-08-10,DRB-HICOM Berhad,865
2022-08-11,DRB-HICOM Berhad,1069
2022-08-12,DRB-HICOM Berhad,943
2022-08-13,DRB-HICOM Berhad,174
2022-08-14,DRB-HICOM Berhad,57
2022-08-15,DRB-HICOM Berhad,974
2022-08-16,DRB-HICOM Berhad,1148
2022-08-17,DRB-HICOM Berhad,1128
2022-08-18,DRB-HICOM Berhad,1133
2022-08-19,DRB-HICOM Berhad,1202
2022-08-20,DRB-HICOM Berhad,209
2022-08-21,DRB-HICOM Berhad,59
2022-08-22,DRB-HICOM Berhad,1238
2022-08-23,DRB-HICOM Berhad,1390
2022-08-24,DRB-HICOM Berhad,1451
2022-08-25,DRB-HICOM Berhad,1673
2022-08-26,DRB-HICOM Berhad,1744
2022-08-27,DRB-HICOM Berhad,567
2022-08-28,DRB-HICOM Berhad,116
2022-08-29,DRB-HICOM Berhad,2810
2022-08-30,DRB-HICOM Berhad,4238
2022-08-31,DRB-HICOM Berhad,1294
2022-09-01,DRB-HICOM Berhad,173
2022-09-02,DRB-HICOM Berhad,207
2022-09-03,DRB-HICOM Berhad,20
2022-09-04,DRB-HICOM Berhad,22
2022-09-05,DRB-HICOM Berhad,215
2022-09-06,DRB-HICOM Berhad,270
2022-09-07,DRB-HICOM Berhad,412
2022-09-08,DRB-HICOM Berhad,583
2022-09-09,DRB-HICOM Berhad,605
2022-09-10,DRB-HICOM Berhad,125
2022-09-11,DRB-HICOM Berhad,39
2022-09-12,DRB-HICOM Berhad,795
2022-09-13,DRB-HICOM Berhad,950
2022-09-14,DRB-HICOM Berhad,1056
2022-09-15,DRB-HICOM Berhad,1144
2022-09-16,DRB-HICOM Berhad,15
2022-09-17,DRB-HICOM Berhad,116
2022-09-18,DRB-HICOM Berhad,33
2022-09-19,DRB-HICOM Berhad,968
2022-09-20,DRB-HICOM Berhad,1129
2022-09-21,DRB-HICOM Berhad,1284
2022-09-22,DRB-HICOM Berhad,1925
2022-09-23,DRB-HICOM Berhad,1722
2022-09-24,DRB-HICOM Berhad,419
2022-09-25,DRB-HICOM Berhad,127
2022-09-26,DRB-HICOM Berhad,1770
2022-09-27,DRB-HICOM Berhad,2168
2022-09-28,DRB-HICOM Berhad,2132
2022-09-29,DRB-HICOM Berhad,3104
2022-09-30,DRB-HICOM Berhad,3452
2022-10-01,DRB-HICOM Berhad,32
2022-10-02,DRB-HICOM Berhad,7
2022-10-03,DRB-HICOM Berhad,228
2022-10-04,DRB-HICOM Berhad,286
2022-10-05,DRB-HICOM Berhad,285
2022-10-06,DRB-HICOM Berhad,405
2022-10-07,DRB-HICOM Berhad,351
2022-10-08,DRB-HICOM Berhad,20
2022-10-09,DRB-HICOM Berhad,0
2022-10-10,DRB-HICOM Berhad,63
2022-10-11,DRB-HICOM Berhad,355
2022-10-12,DRB-HICOM Berhad,698
2022-10-13,DRB-HICOM Berhad,958
2022-10-14,DRB-HICOM Berhad,856
2022-10-15,DRB-HICOM Berhad,124
2022-10-16,DRB-HICOM Berhad,33
2022-10-17,DRB-HICOM Berhad,766
2022-10-18,DRB-HICOM Berhad,930
2022-10-19,DRB-HICOM Berhad,1066
2022-10-20,DRB-HICOM Berhad,1291
2022-10-21,DRB-HICOM Berhad,1379
2022-10-22,DRB-HICOM Berhad,216
2022-10-23,DRB-HICOM Berhad,81
2022-10-24,DRB-HICOM Berhad,75
2022-10-25,DRB-HICOM Berhad,1270
2022-10-26,DRB-HICOM Berhad,1407
2022-10-27,DRB-HICOM Berhad,2153
2022-10-28,DRB-HICOM Berhad,1859
2022-10-29,DRB-HICOM Berhad,1097
2022-10-30,DRB-HICOM Berhad,450
2022-10-31,DRB-HICOM Berhad,3748
2022-11-01,DRB-HICOM Berhad,196
2022-11-02,DRB-HICOM Berhad,211
2022-11-03,DRB-HICOM Berhad,301
2022-11-04,DRB-HICOM Berhad,418
2022-11-05,DRB-HICOM Berhad,83
2022-11-06,DRB-HICOM Berhad,29
2022-11-07,DRB-HICOM Berhad,532
2022-11-08,DRB-HICOM Berhad,584
2022-11-09,DRB-HICOM Berhad,734
2022-11-10,DRB-HICOM Berhad,805
2022-11-11,DRB-HICOM Berhad,710
2022-11-12,DRB-HICOM Berhad,121
2022-11-13,DRB-HICOM Berhad,31
2022-11-14,DRB-HICOM Berhad,669
2022-11-15,DRB-HICOM Berhad,627
2022-11-16,DRB-HICOM Berhad,1060
2022-11-17,DRB-HICOM Berhad,1119
2022-11-18,DRB-HICOM Berhad,82
2022-11-19,DRB-HICOM Berhad,12
2022-11-20,DRB-HICOM Berhad,11
2022-11-21,DRB-HICOM Berhad,963
2022-11-22,DRB-HICOM Berhad,1063
2022-11-23,DRB-HICOM Berhad,1172
2022-11-24,DRB-HICOM Berhad,1436
2022-11-25,DRB-HICOM Berhad,1451
2022-11-26,DRB-HICOM Berhad,401
2022-11-27,DRB-HICOM Berhad,106
2022-11-28,DRB-HICOM Berhad,329
2022-11-29,DRB-HICOM Berhad,2457
2022-11-30,DRB-HICOM Berhad,4127
2022-12-01,DRB-HICOM Berhad,214
2022-12-02,DRB-HICOM Berhad,275
2022-12-03,DRB-HICOM Berhad,37
2022-12-04,DRB-HICOM Berhad,9
2022-12-05,DRB-HICOM Berhad,227
2022-12-06,DRB-HICOM Berhad,285
2022-12-07,DRB-HICOM Berhad,429
2022-12-08,DRB-HICOM Berhad,669
2022-12-09,DRB-HICOM Berhad,798
2022-12-10,DRB-HICOM Berhad,130
2022-12-11,DRB-HICOM Berhad,35
2022-12-12,DRB-HICOM Berhad,395
2022-12-13,DRB-HICOM Berhad,693
2022-12-14,DRB-HICOM Berhad,1240
2022-12-15,DRB-HICOM Berhad,1217
2022-12-16,DRB-HICOM Berhad,1065
2022-12-17,DRB-HICOM Berhad,166
2022-12-18,DRB-HICOM Berhad,52
2022-12-19,DRB-HICOM Berhad,1117
2022-12-20,DRB-HICOM Berhad,1415
2022-12-21,DRB-HICOM Berhad,1612
2022-12-22,DRB-HICOM Berhad,1790
2022-12-23,DRB-HICOM Berhad,1542
2022-12-24,DRB-HICOM Berhad,425
2022-12-25,DRB-HICOM Berhad,26
2022-12-26,DRB-HICOM Berhad,130
2022-12-27,DRB-HICOM Berhad,1834
2022-12-28,DRB-HICOM Berhad,2214
2022-12-29,DRB-HICOM Berhad,2258
2022-12-30,DRB-HICOM Berhad,2803
2022-12-31,DRB-HICOM Berhad,1321
2023-01-01,DRB-HICOM Berhad,12
2023-01-02,DRB-HICOM Berhad,12
2023-01-03,DRB-HICOM Berhad,108
2023-01-04,DRB-HICOM Berhad,91
2023-01-05,DRB-HICOM Berhad,120
2023-01-06,DRB-HICOM Berhad,212
2023-01-07,DRB-HICOM Berhad,56
2023-01-08,DRB-HICOM Berhad,23
2023-01-09,DRB-HICOM Berhad,305
2023-01-10,DRB-HICOM Berhad,428
2023-01-11,DRB-HICOM Berhad,545
2023-01-12,DRB-HICOM Berhad,675
2023-01-13,DRB-HICOM Berhad,736
2023-01-14,DRB-HICOM Berhad,175
2023-01-15,DRB-HICOM Berhad,53
2023-01-16,DRB-HICOM Berhad,1041
2023-01-17,DRB-HICOM Berhad,1151
2023-01-18,DRB-HICOM Berhad,1153
2023-01-19,DRB-HICOM Berhad,1326
2023-01-20,DRB-HICOM Berhad,1050
2023-01-21,DRB-HICOM Berhad,120
2023-01-22,DRB-HICOM Berhad,0
2023-01-23,DRB-HICOM Berhad,1
2023-01-24,DRB-HICOM Berhad,26
2023-01-25,DRB-HICOM Berhad,597
2023-01-26,DRB-HICOM Berhad,956
2023-01-27,DRB-HICOM Berhad,1278
2023-01-28,DRB-HICOM Berhad,514
2023-01-29,DRB-HICOM Berhad,87
2023-01-30,DRB-HICOM Berhad,2076
2023-01-31,DRB-HICOM Berhad,3252
2023-02-01,DRB-HICOM Berhad,160
2023-02-02,DRB-HICOM Berhad,181
2023-02-03,DRB-HICOM Berhad,250
2023-02-04,DRB-HICOM Berhad,34
2023-02-05,DRB-HICOM Berhad,12
2023-02-06,DRB-HICOM Berhad,75
2023-02-07,DRB-HICOM Berhad,352
2023-02-08,DRB-HICOM Berhad,609
2023-02-09,DRB-HICOM Berhad,880
2023-02-10,DRB-HICOM Berhad,816
2023-02-11,DRB-HICOM Berhad,200
2023-02-12,DRB-HICOM Berhad,35
2023-02-13,DRB-HICOM Berhad,976
2023-02-14,DRB-HICOM Berhad,982
2023-02-15,DRB-HICOM Berhad,1069
2023-02-16,DRB-HICOM Berhad,1090
2023-02-17,DRB-HICOM Berhad,1169
2023-02-18,DRB-HICOM Berhad,218
2023-02-19,DRB-HICOM Berhad,37
2023-02-20,DRB-HICOM Berhad,1280
2023-02-21,DRB-HICOM Berhad,1493
2023-02-22,DRB-HICOM Berhad,1648
2023-02-23,DRB-HICOM Berhad,1930
2023-02-24,DRB-HICOM Berhad,1793
2023-02-25,DRB-HICOM Berhad,614
2023-02-26,DRB-HICOM Berhad,143
2023-02-27,DRB-HICOM Berhad,2398
2023-02-28,DRB-HICOM Berhad,4289
2023-03-01,DRB-HICOM Berhad,271
2023-03-02,DRB-HICOM Berhad,279
2023-03-03,DRB-HICOM Berhad,369
2023-03-04,DRB-HICOM Berhad,45
2023-03-05,DRB-HICOM Berhad,21
2023-03-06,DRB-HICOM Berhad,472
2023-03-07,DRB-HICOM Berhad,549
2023-03-08,DRB-HICOM Berhad,905
2023-03-09,DRB-HICOM Berhad,970
2023-03-10,DRB-HICOM Berhad,979
2023-03-11,DRB-HICOM Berhad,167
2023-03-12,DRB-HICOM Berhad,64
2023-03-13,DRB-HICOM Berhad,883
2023-03-14,DRB-HICOM Berhad,956
2023-03-15,DRB-HICOM Berhad,1010
2023-03-16,DRB-HICOM Berhad,1123
2023-03-17,DRB-HICOM Berhad,947
2023-03-18,DRB-HICOM Berhad,162
2023-03-19,DRB-HICOM Berhad,44
2023-03-20,DRB-HICOM Berhad,1004
2023-03-21,DRB-HICOM Berhad,1394
2023-03-22,DRB-HICOM Berhad,1593
2023-03-23,DRB-HICOM Berhad,1094
2023-03-24,DRB-HICOM Berhad,1333
2023-03-25,DRB-HICOM Berhad,314
2023-03-26,DRB-HICOM Berhad,63
2023-03-27,DRB-HICOM Berhad,1654
2023-03-28,DRB-HICOM Berhad,1989
2023-03-29,DRB-HICOM Berhad,2042
2023-03-30,DRB-HICOM Berhad,2899
2023-03-31,DRB-HICOM Berhad,2884
2023-04-01,DRB-HICOM Berhad,93
2023-04-02,DRB-HICOM Berhad,13
2023-04-03,DRB-HICOM Berhad,155
2023-04-04,DRB-HICOM Berhad,242
2023-04-05,DRB-HICOM Berhad,405
2023-04-06,DRB-HICOM Berhad,540
2023-04-07,DRB-HICOM Berhad,563
2023-04-08,DRB-HICOM Berhad,0
2023-04-09,DRB-HICOM Berhad,38
2023-04-10,DRB-HICOM Berhad,821
2023-04-11,DRB-HICOM Berhad,908
2023-04-12,DRB-HICOM Berhad,962
2023-04-13,DRB-HICOM Berhad,1158
2023-04-14,DRB-HICOM Berhad,1023
2023-04-15,DRB-HICOM Berhad,259
2023-04-16,DRB-HICOM Berhad,96
2023-04-17,DRB-HICOM Berhad,1254
2023-04-18,DRB-HICOM Berhad,1555
2023-04-19,DRB-HICOM Berhad,1608
2023-04-20,DRB-HICOM Berhad,1198
2023-04-21,DRB-HICOM Berhad,33
2023-04-22,DRB-HICOM Berhad,0
2023-04-23,DRB-HICOM Berhad,0
2023-04-24,DRB-HICOM Berhad,4
2023-04-25,DRB-HICOM Berhad,393
2023-04-26,DRB-HICOM Berhad,744
2023-04-27,DRB-HICOM Berhad,1443
2023-04-28,DRB-HICOM Berhad,1664
2023-04-29,DRB-HICOM Berhad,502
2023-04-30,DRB-HICOM Berhad,236
2023-05-01,DRB-HICOM Berhad,0
2023-05-02,DRB-HICOM Berhad,145
2023-05-03,DRB-HICOM Berhad,218
2023-05-04,DRB-HICOM Berhad,21
2023-05-05,DRB-HICOM Berhad,263
2023-05-06,DRB-HICOM Berhad,45
2023-05-07,DRB-HICOM Berhad,30
2023-05-08,DRB-HICOM Berhad,392
2023-05-09,DRB-HICOM Berhad,548
2023-05-10,DRB-HICOM Berhad,592
2023-05-11,DRB-HICOM Berhad,662
2023-05-12,DRB-HICOM Berhad,733
2023-05-13,DRB-HICOM Berhad,32
2023-05-14,DRB-HICOM Berhad,47
2023-05-15,DRB-HICOM Berhad,824
2023-05-16,DRB-HICOM Berhad,1030
2023-05-17,DRB-HICOM Berhad,1213
2023-05-18,DRB-HICOM Berhad,1256
2023-05-19,DRB-HICOM Berhad,1008
2023-05-20,DRB-HICOM Berhad,282
2023-05-21,DRB-HICOM Berhad,56
2023-05-22,DRB-HICOM Berhad,1242
2023-05-23,DRB-HICOM Berhad,1515
2023-05-24,DRB-HICOM Berhad,1505
2023-05-25,DRB-HICOM Berhad,1657
2023-05-26,DRB-HICOM Berhad,1569
2023-05-27,DRB-HICOM Berhad,440
2023-05-28,DRB-HICOM Berhad,107
2023-05-29,DRB-HICOM Berhad,1996
2023-05-30,DRB-HICOM Berhad,2072
2023-05-31,DRB-HICOM Berhad,2712
2023-06-01,DRB-HICOM Berhad,226
2023-06-02,DRB-HICOM Berhad,194
2023-06-03,DRB-HICOM Berhad,48
2023-06-04,DRB-HICOM Berhad,18
2023-06-05,DRB-HICOM Berhad,1
2023-06-06,DRB-HICOM Berhad,320
2023-06-07,DRB-HICOM Berhad,537
2023-06-08,DRB-HICOM Berhad,668
2023-06-09,DRB-HICOM Berhad,804
2023-06-10,DRB-HICOM Berhad,131
2023-06-11,DRB-HICOM Berhad,46
2023-06-12,DRB-HICOM Berhad,720
2023-06-13,DRB-HICOM Berhad,862
2023-06-14,DRB-HICOM Berhad,892
2023-06-15,DRB-HICOM Berhad,965
2023-06-16,DRB-HICOM Berhad,1149
2023-06-17,DRB-HICOM Berhad,187
2023-06-18,DRB-HICOM Berhad,56
2023-06-19,DRB-HICOM Berhad,1058
2023-06-20,DRB-HICOM Berhad,1411
2023-06-21,DRB-HICOM Berhad,1381
2023-06-22,DRB-HICOM Berhad,1503
2023-06-23,DRB-HICOM Berhad,1473
2023-06-24,DRB-HICOM Berhad,434
2023-06-25,DRB-HICOM Berhad,105
2023-06-26,DRB-HICOM Berhad,1835
2023-06-27,DRB-HICOM Berhad,2093
2023-06-28,DRB-HICOM Berhad,2610
2023-06-29,DRB-HICOM Berhad,42
2023-06-30,DRB-HICOM Berhad,2139
2023-07-01,DRB-HICOM Berhad,10
2023-07-02,DRB-HICOM Berhad,7
2023-07-03,DRB-HICOM Berhad,121
2023-07-04,DRB-HICOM Berhad,172
2023-07-05,DRB-HICOM Berhad,257
2023-07-06,DRB-HICOM Berhad,311
2023-07-07,DRB-HICOM Berhad,407
2023-07-08,DRB-HICOM Berhad,90
2023-07-09,DRB-HICOM Berhad,30
2023-07-10,DRB-HICOM Berhad,584
2023-07-11,DRB-HICOM Berhad,703
2023-07-12,DRB-HICOM Berhad,695
2023-07-13,DRB-HICOM Berhad,832
2023-07-14,DRB-HICOM Berhad,758
2023-07-15,DRB-HICOM Berhad,164
2023-07-16,DRB-HICOM Berhad,38
2023-07-17,DRB-HICOM Berhad,868
2023-07-18,DRB-HICOM Berhad,1007
2023-07-19,DRB-HICOM Berhad,108
2023-07-20,DRB-HICOM Berhad,1032
2023-07-21,DRB-HICOM Berhad,1101
2023-07-22,DRB-HICOM Berhad,186
2023-07-23,DRB-HICOM Berhad,49
2023-07-24,DRB-HICOM Berhad,1306
2023-07-25,DRB-HICOM Berhad,1413
2023-07-26,DRB-HICOM Berhad,1630
2023-07-27,DRB-HICOM Berhad,2156
2023-07-28,DRB-HICOM Berhad,2348
2023-07-29,DRB-HICOM Berhad,821
2023-07-30,DRB-HICOM Berhad,157
2023-07-31,DRB-HICOM Berhad,3419
2023-08-01,DRB-HICOM Berhad,213
2023-08-02,DRB-HICOM Berhad,222
2023-08-03,DRB-HICOM Berhad,290
2023-08-04,DRB-HICOM Berhad,332
2023-08-05,DRB-HICOM Berhad,90
2023-08-06,DRB-HICOM Berhad,28
2023-08-07,DRB-HICOM Berhad,472
2023-08-08,DRB-HICOM Berhad,607
2023-08-09,DRB-HICOM Berhad,710
2023-08-10,DRB-HICOM Berhad,793
2023-08-11,DRB-HICOM Berhad,799
2023-08-12,DRB-HICOM Berhad,82
2023-08-13,DRB-HICOM Berhad,18
2023-08-14,DRB-HICOM Berhad,546
2023-08-15,DRB-HICOM Berhad,1032
2023-08-16,DRB-HICOM Berhad,924
2023-08-17,DRB-HICOM Berhad,974
2023-08-18,DRB-HICOM Berhad,1040
2023-08-19,DRB-HICOM Berhad,178
2023-08-20,DRB-HICOM Berhad,53
2023-08-21,DRB-HICOM Berhad,1223
2023-08-22,DRB-HICOM Berhad,1391
2023-08-23,DRB-HICOM Berhad,1393
2023-08-24,DRB-HICOM Berhad,1633
2023-08-25,DRB-HICOM Berhad,1648
2023-08-26,DRB-HICOM Berhad,443
2023-08-27,DRB-HICOM Berhad,90
2023-08-28,DRB-HICOM Berhad,2088
2023-08-29,DRB-HICOM Berhad,2689
2023-08-30,DRB-HICOM Berhad,3412
2023-08-31,DRB-HICOM Berhad,536
2023-09-01,DRB-HICOM Berhad,127
2023-09-02,DRB-HICOM Berhad,25
2023-09-03,DRB-HICOM Berhad,7
2023-09-04,DRB-HICOM Berhad,163
2023-09-05,DRB-HICOM Berhad,230
2023-09-06,DRB-HICOM Berhad,436
2023-09-07,DRB-HICOM Berhad,600
2023-09-08,DRB-HICOM Berhad,638
2023-09-09,DRB-HICOM Berhad,127
2023-09-10,DRB-HICOM Berhad,36
2023-09-11,DRB-HICOM Berhad,711
2023-09-12,DRB-HICOM Berhad,882
2023-09-13,DRB-HICOM Berhad,991
2023-09-14,DRB-HICOM Berhad,1106
2023-09-15,DRB-HICOM Berhad,865
2023-09-16,DRB-HICOM Berhad,0
2023-09-17,DRB-HICOM Berhad,24
2023-09-18,DRB-HICOM Berhad,869
2023-09-19,DRB-HICOM Berhad,909
2023-09-20,DRB-HICOM Berhad,976
2023-09-21,DRB-HICOM Berhad,1067
2023-09-22,DRB-HICOM Berhad,1118
2023-09-23,DRB-HICOM Berhad,230
2023-09-24,DRB-HICOM Berhad,70
2023-09-25,DRB-HICOM Berhad,1386
2023-09-26,DRB-HICOM Berhad,1743
2023-09-27,DRB-HICOM Berhad,2325
2023-09-28,DRB-HICOM Berhad,325
2023-09-29,DRB-HICOM Berhad,2591
2023-09-30,DRB-HICOM Berhad,1489
2023-10-01,DRB-HICOM Berhad,8
2023-10-02,DRB-HICOM Berhad,183
2023-10-03,DRB-HICOM Berhad,209
2023-10-04,DRB-HICOM Berhad,258
2023-10-05,DRB-HICOM Berhad,335
2023-10-06,DRB-HICOM Berhad,402
2023-10-07,DRB-HICOM Berhad,71
2023-10-08,DRB-HICOM Berhad,30
2023-10-09,DRB-HICOM Berhad,484
2023-10-10,DRB-HICOM Berhad,571
2023-10-11,DRB-HICOM Berhad,668
2023-10-12,DRB-HICOM Berhad,776
2023-10-13,DRB-HICOM Berhad,718
2023-10-14,DRB-HICOM Berhad,121
2023-10-15,DRB-HICOM Berhad,41
2023-10-16,DRB-HICOM Berhad,797
2023-10-17,DRB-HICOM Berhad,914
2023-10-18,DRB-HICOM Berhad,897
2023-10-19,DRB-HICOM Berhad,1217
2023-10-20,DRB-HICOM Berhad,970
2023-10-21,DRB-HICOM Berhad,194
2023-10-22,DRB-HICOM Berhad,51
2023-10-23,DRB-HICOM Berhad,1204
2023-10-24,DRB-HICOM Berhad,1272
2023-10-25,DRB-HICOM Berhad,1508
2023-10-26,DRB-HICOM Berhad,1628
2023-10-27,DRB-HICOM Berhad,1689
2023-10-28,DRB-HICOM Berhad,553
2023-10-29,DRB-HICOM Berhad,148
2023-10-30,DRB-HICOM Berhad,2531
2023-10-31,DRB-HICOM Berhad,3423
2023-11-01,DRB-HICOM Berhad,253
2023-11-02,DRB-HICOM Berhad,246
2023-11-03,DRB-HICOM Berhad,267
2023-11-04,DRB-HICOM Berhad,50
2023-11-05,DRB-HICOM Berhad,31
2023-11-06,DRB-HICOM Berhad,456
2023-11-07,DRB-HICOM Berhad,536
2023-11-08,DRB-HICOM Berhad,651
2023-11-09,DRB-HICOM Berhad,779
2023-11-10,DRB-HICOM Berhad,774
2023-11-11,DRB-HICOM Berhad,115
2023-11-12,DRB-HICOM Berhad,1
2023-11-13,DRB-HICOM Berhad,59
2023-11-14,DRB-HICOM Berhad,641
2023-11-15,DRB-HICOM Berhad,826
2023-11-16,DRB-HICOM Berhad,876
2023-11-17,DRB-HICOM Berhad,787
2023-11-18,DRB-HICOM Berhad,199
2023-11-19,DRB-HICOM Berhad,56
2023-11-20,DRB-HICOM Berhad,890
2023-11-21,DRB-HICOM Berhad,1023
2023-11-22,DRB-HICOM Berhad,1119
2023-11-23,DRB-HICOM Berhad,1243
2023-11-24,DRB-HICOM Berhad,1465
2023-11-25,DRB-HICOM Berhad,375
2023-11-26,DRB-HICOM Berhad,103
2023-11-27,DRB-HICOM Berhad,1597
2023-11-28,DRB-HICOM Berhad,2107
2023-11-29,DRB-HICOM Berhad,2621
2023-11-30,DRB-HICOM Berhad,3729
2023-12-01,DRB-HICOM Berhad,164
2023-12-02,DRB-HICOM Berhad,28
2023-12-03,DRB-HICOM Berhad,17
2023-12-04,DRB-HICOM Berhad,221
2023-12-05,DRB-HICOM Berhad,271
2023-12-06,DRB-HICOM Berhad,441
2023-12-07,DRB-HICOM Berhad,509
2023-12-08,DRB-HICOM Berhad,598
2023-12-09,DRB-HICOM Berhad,134
2023-12-10,DRB-HICOM Berhad,35
2023-12-11,DRB-HICOM Berhad,454
2023-12-12,DRB-HICOM Berhad,910
2023-12-13,DRB-HICOM Berhad,1076
2023-12-14,DRB-HICOM Berhad,1232
2023-12-15,DRB-HICOM Berhad,1790
2023-12-16,DRB-HICOM Berhad,153
2023-12-17,DRB-HICOM Berhad,45
2023-12-18,DRB-HICOM Berhad,898
2023-12-19,DRB-HICOM Berhad,929
2023-12-20,DRB-HICOM Berhad,1294
2023-12-21,DRB-HICOM Berhad,1388
2023-12-22,DRB-HICOM Berhad,1520
2023-12-23,DRB-HICOM Berhad,356
2023-12-24,DRB-HICOM Berhad,128
2023-12-25,DRB-HICOM Berhad,41
2023-12-26,DRB-HICOM Berhad,1395
2023-12-27,DRB-HICOM Berhad,2081
2023-12-28,DRB-HICOM Berhad,2812
2023-12-29,DRB-HICOM Berhad,4037
2023-12-30,DRB-HICOM Berhad,1775
2023-12-31,DRB-HICOM Berhad,524
2024-01-01,DRB-HICOM Berhad,18
2024-01-02,DRB-HICOM Berhad,87
2024-01-03,DRB-HICOM Berhad,119
2024-01-04,DRB-HICOM Berhad,131
2024-01-05,DRB-HICOM Berhad,163
2024-01-06,DRB-HICOM Berhad,59
2024-01-07,DRB-HICOM Berhad,21
2024-01-08,DRB-HICOM Berhad,337
2024-01-09,DRB-HICOM Berhad,488
2024-01-10,DRB-HICOM Berhad,550
2024-01-11,DRB-HICOM Berhad,625
2024-01-12,DRB-HICOM Berhad,674
2024-01-13,DRB-HICOM Berhad,99
2024-01-14,DRB-HICOM Berhad,65
2024-01-15,DRB-HICOM Berhad,682
2024-01-16,DRB-HICOM Berhad,807
2024-01-17,DRB-HICOM Berhad,925
2024-01-18,DRB-HICOM Berhad,1034
2024-01-19,DRB-HICOM Berhad,1072
2024-01-20,DRB-HICOM Berhad,208
2024-01-21,DRB-HICOM Berhad,72
2024-01-22,DRB-HICOM Berhad,1408
2024-01-23,DRB-HICOM Berhad,1316
2024-01-24,DRB-HICOM Berhad,1681
2024-01-25,DRB-HICOM Berhad,529
2024-01-26,DRB-HICOM Berhad,1521
2024-01-27,DRB-HICOM Berhad,367
2024-01-28,DRB-HICOM Berhad,104
2024-01-29,DRB-HICOM Berhad,1744
2024-01-30,DRB-HICOM Berhad,2538
2024-01-31,DRB-HICOM Berhad,4235
2024-02-01,DRB-HICOM Berhad,178
2024-02-02,DRB-HICOM Berhad,300
2024-02-03,DRB-HICOM Berhad,51
2024-02-04,DRB-HICOM Berhad,25
2024-02-05,DRB-HICOM Berhad,430
2024-02-06,DRB-HICOM Berhad,678
2024-02-07,DRB-HICOM Berhad,761
2024-02-08,DRB-HICOM Berhad,633
2024-02-09,DRB-HICOM Berhad,386
2024-02-10,DRB-HICOM Berhad,2
2024-02-11,DRB-HICOM Berhad,0
2024-02-12,DRB-HICOM Berhad,9
2024-02-13,DRB-HICOM Berhad,337
2024-02-14,DRB-HICOM Berhad,478
2024-02-15,DRB-HICOM Berhad,656
2024-02-16,DRB-HICOM Berhad,665
2024-02-17,DRB-HICOM Berhad,85
2024-02-18,DRB-HICOM Berhad,47
2024-02-19,DRB-HICOM Berhad,821
2024-02-20,DRB-HICOM Berhad,875
2024-02-21,DRB-HICOM Berhad,1081
2024-02-22,DRB-HICOM Berhad,1271
2024-02-23,DRB-HICOM Berhad,1301
2024-02-24,DRB-HICOM Berhad,268
2024-02-25,DRB-HICOM Berhad,96
2024-02-26,DRB-HICOM Berhad,1691
2024-02-27,DRB-HICOM Berhad,2248
2024-02-28,DRB-HICOM Berhad,2850
2024-02-29,DRB-HICOM Berhad,4501
2024-03-01,DRB-HICOM Berhad,274
2024-03-02,DRB-HICOM Berhad,22
2024-03-03,DRB-HICOM Berhad,20
2024-03-04,DRB-HICOM Berhad,186
2024-03-05,DRB-HICOM Berhad,253
2024-03-06,DRB-HICOM Berhad,382
2024-03-07,DRB-HICOM Berhad,443
2024-03-08,DRB-HICOM Berhad,525
2024-03-09,DRB-HICOM Berhad,4
2024-03-10,DRB-HICOM Berhad,54
2024-03-11,DRB-HICOM Berhad,669
2024-03-12,DRB-HICOM Berhad,543
2024-03-13,DRB-HICOM Berhad,851
2024-03-14,DRB-HICOM Berhad,1076
2024-03-15,DRB-HICOM Berhad,1183
2024-03-16,DRB-HICOM Berhad,133
2024-03-17,DRB-HICOM Berhad,47
2024-03-18,DRB-HICOM Berhad,750
2024-03-19,DRB-HICOM Berhad,930
2024-03-20,DRB-HICOM Berhad,979
2024-03-21,DRB-HICOM Berhad,1261
2024-03-22,DRB-HICOM Berhad,1346
2024-03-23,DRB-HICOM Berhad,255
2024-03-24,DRB-HICOM Berhad,98
2024-03-25,DRB-HICOM Berhad,1284
2024-03-26,DRB-HICOM Berhad,1996
2024-03-27,DRB-HICOM Berhad,2311
2024-03-28,DRB-HICOM Berhad,1461
2024-03-29,DRB-HICOM Berhad,2495
2024-03-30,DRB-HICOM Berhad,2035
2024-03-31,DRB-HICOM Berhad,712
2024-04-01,DRB-HICOM Berhad,205
2024-04-02,DRB-HICOM Berhad,314
2024-04-03,DRB-HICOM Berhad,488
2024-04-04,DRB-HICOM Berhad,750
2024-04-05,DRB-HICOM Berhad,867
2024-04-06,DRB-HICOM Berhad,211
2024-04-07,DRB-HICOM Berhad,90
2024-04-08,DRB-HICOM Berhad,851
2024-04-09,DRB-HICOM Berhad,402
2024-04-10,DRB-HICOM Berhad,0
2024-04-11,DRB-HICOM Berhad,1
2024-04-12,DRB-HICOM Berhad,157
2024-04-13,DRB-HICOM Berhad,20
2024-04-14,DRB-HICOM Berhad,3
2024-04-15,DRB-HICOM Berhad,391
2024-04-16,DRB-HICOM Berhad,429
2024-04-17,DRB-HICOM Berhad,583
2024-04-18,DRB-HICOM Berhad,568
2024-04-19,DRB-HICOM Berhad,635
2024-04-20,DRB-HICOM Berhad,180
2024-04-21,DRB-HICOM Berhad,33
2024-04-22,DRB-HICOM Berhad,717
2024-04-23,DRB-HICOM Berhad,919
2024-04-24,DRB-HICOM Berhad,1031
2024-04-25,DRB-HICOM Berhad,1425
2024-04-26,DRB-HICOM Berhad,1356
2024-04-27,DRB-HICOM Berhad,411
2024-04-28,DRB-HICOM Berhad,75
2024-04-29,DRB-HICOM Berhad,2233
2024-04-30,DRB-HICOM Berhad,3514
2024-05-01,DRB-HICOM Berhad,16
2024-05-02,DRB-HICOM Berhad,261
2024-05-03,DRB-HICOM Berhad,415
2024-05-04,DRB-HICOM Berhad,46
2024-05-05,DRB-HICOM Berhad,15
2024-05-06,DRB-HICOM Berhad,396
2024-05-07,DRB-HICOM Berhad,516
2024-05-08,DRB-HICOM Berhad,511
2024-05-09,DRB-HICOM Berhad,596
2024-05-10,DRB-HICOM Berhad,641
2024-05-11,DRB-HICOM Berhad,102
2024-05-12,DRB-HICOM Berhad,37
2024-05-13,DRB-HICOM Berhad,668
2024-05-14,DRB-HICOM Berhad,793
2024-05-15,DRB-HICOM Berhad,738
2024-05-16,DRB-HICOM Berhad,988
2024-05-17,DRB-HICOM Berhad,800
2024-05-18,DRB-HICOM Berhad,143
2024-05-19,DRB-HICOM Berhad,39
2024-05-20,DRB-HICOM Berhad,892
2024-05-21,DRB-HICOM Berhad,1054
2024-05-22,DRB-HICOM Berhad,113
2024-05-23,DRB-HICOM Berhad,1146
2024-05-24,DRB-HICOM Berhad,1203
2024-05-25,DRB-HICOM Berhad,250
2024-05-26,DRB-HICOM Berhad,73
2024-05-27,DRB-HICOM Berhad,1093
2024-05-28,DRB-HICOM Berhad,1710
2024-05-29,DRB-HICOM Berhad,1969
2024-05-30,DRB-HICOM Berhad,1916
2024-05-31,DRB-HICOM Berhad,2546
2024-06-01,DRB-HICOM Berhad,44
2024-06-02,DRB-HICOM Berhad,30
2024-06-03,DRB-HICOM Berhad,0
2024-06-04,DRB-HICOM Berhad,183
2024-06-05,DRB-HICOM Berhad,303
2024-06-06,DRB-HICOM Berhad,503
2024-06-07,DRB-HICOM Berhad,518
2024-06-08,DRB-HICOM Berhad,110
2024-06-09,DRB-HICOM Berhad,32
2024-06-10,DRB-HICOM Berhad,646
2024-06-11,DRB-HICOM Berhad,774
2024-06-12,DRB-HICOM Berhad,893
2024-06-13,DRB-HICOM Berhad,983
2024-06-14,DRB-HICOM Berhad,921
2024-06-15,DRB-HICOM Berhad,155
2024-06-16,DRB-HICOM Berhad,23
2024-06-17,DRB-HICOM Berhad,2
2024-06-18,DRB-HICOM Berhad,550
2024-06-19,DRB-HICOM Berhad,859
2024-06-20,DRB-HICOM Berhad,949
2024-06-21,DRB-HICOM Berhad,927
2024-06-22,DRB-HICOM Berhad,175
2024-06-23,DRB-HICOM Berhad,65
2024-06-24,DRB-HICOM Berhad,927
2024-06-25,DRB-HICOM Berhad,1275
2024-06-26,DRB-HICOM Berhad,1726
2024-06-27,DRB-HICOM Berhad,1885
2024-06-28,DRB-HICOM Berhad,3115
2024-06-29,DRB-HICOM Berhad,1441
2024-06-30,DRB-HICOM Berhad,582
2024-07-01,DRB-HICOM Berhad,167
2024-07-02,DRB-HICOM Berhad,255
2024-07-03,DRB-HICOM Berhad,331
2024-07-04,DRB-HICOM Berhad,455
2024-07-05,DRB-HICOM Berhad,521
2024-07-06,DRB-HICOM Berhad,94
2024-07-07,DRB-HICOM Berhad,5
2024-07-08,DRB-HICOM Berhad,80
2024-07-09,DRB-HICOM Berhad,523
2024-07-10,DRB-HICOM Berhad,656
2024-07-11,DRB-HICOM Berhad,777
2024-07-12,DRB-HICOM Berhad,744
2024-07-13,DRB-HICOM Berhad,138
2024-07-14,DRB-HICOM Berhad,43
2024-07-15,DRB-HICOM Berhad,682
2024-07-16,DRB-HICOM Berhad,868
2024-07-17,DRB-HICOM Berhad,943
2024-07-18,DRB-HICOM Berhad,961
2024-07-19,DRB-HICOM Berhad,946
2024-07-20,DRB-HICOM Berhad,219
2024-07-21,DRB-HICOM Berhad,45
2024-07-22,DRB-HICOM Berhad,969
2024-07-23,DRB-HICOM Berhad,1358
2024-07-24,DRB-HICOM Berhad,1353
2024-07-25,DRB-HICOM Berhad,1614
2024-07-26,DRB-HICOM Berhad,1649
2024-07-27,DRB-HICOM Berhad,446
2024-07-28,DRB-HICOM Berhad,105
2024-07-29,DRB-HICOM Berhad,1858
2024-07-30,DRB-HICOM Berhad,2634
2024-07-31,DRB-HICOM Berhad,3999
2024-08-01,DRB-HICOM Berhad,187
2024-08-02,DRB-HICOM Berhad,180
2024-08-03,DRB-HICOM Berhad,24
2024-08-04,DRB-HICOM Berhad,15
2024-08-05,DRB-HICOM Berhad,228
2024-08-06,DRB-HICOM Berhad,333
2024-08-07,DRB-HICOM Berhad,406
2024-08-08,DRB-HICOM Berhad,549
2024-08-09,DRB-HICOM Berhad,537
2024-08-10,DRB-HICOM Berhad,90
2024-08-11,DRB-HICOM Berhad,30
2024-08-12,DRB-HICOM Berhad,477
2024-08-13,DRB-HICOM Berhad,706
2024-08-14,DRB-HICOM Berhad,710
2024-08-15,DRB-HICOM Berhad,863
2024-08-16,DRB-HICOM Berhad,844
2024-08-17,DRB-HICOM Berhad,158
2024-08-18,DRB-HICOM Berhad,61
2024-08-19,DRB-HICOM Berhad,836
2024-08-20,DRB-HICOM Berhad,932
2024-08-21,DRB-HICOM Berhad,945
2024-08-22,DRB-HICOM Berhad,1117
2024-08-23,DRB-HICOM Berhad,1065
2024-08-24,DRB-HICOM Berhad,142
2024-08-25,DRB-HICOM Berhad,53
2024-08-26,DRB-HICOM Berhad,1022
2024-08-27,DRB-HICOM Berhad,1528
2024-08-28,DRB-HICOM Berhad,1729
2024-08-29,DRB-HICOM Berhad,2363
2024-08-30,DRB-HICOM Berhad,3718
2024-08-31,DRB-HICOM Berhad,940
2024-09-01,DRB-HICOM Berhad,3
2024-09-02,DRB-HICOM Berhad,99
2024-09-03,DRB-HICOM Berhad,173
2024-09-04,DRB-HICOM Berhad,302
2024-09-05,DRB-HICOM Berhad,391
2024-09-06,DRB-HICOM Berhad,458
2024-09-07,DRB-HICOM Berhad,99
2024-09-08,DRB-HICOM Berhad,36
2024-09-09,DRB-HICOM Berhad,522
2024-09-10,DRB-HICOM Berhad,601
2024-09-11,DRB-HICOM Berhad,648
2024-09-12,DRB-HICOM Berhad,847
2024-09-13,DRB-HICOM Berhad,860
2024-09-14,DRB-HICOM Berhad,139
2024-09-15,DRB-HICOM Berhad,48
2024-09-16,DRB-HICOM Berhad,3
2024-09-17,DRB-HICOM Berhad,172
2024-09-18,DRB-HICOM Berhad,805
2024-09-19,DRB-HICOM Berhad,917
2024-09-20,DRB-HICOM Berhad,848
2024-09-21,DRB-HICOM Berhad,136
2024-09-22,DRB-HICOM Berhad,54
2024-09-23,DRB-HICOM Berhad,842
2024-09-24,DRB-HICOM Berhad,999
2024-09-25,DRB-HICOM Berhad,1231
2024-09-26,DRB-HICOM Berhad,1649
2024-09-27,DRB-HICOM Berhad,1845
2024-09-28,DRB-HICOM Berhad,838
2024-09-29,DRB-HICOM Berhad,146
2024-09-30,DRB-HICOM Berhad,3949
2024-10-01,DRB-HICOM Berhad,180
2024-10-02,DRB-HICOM Berhad,250
2024-10-03,DRB-HICOM Berhad,299
2024-10-04,DRB-HICOM Berhad,397
2024-10-05,DRB-HICOM Berhad,106
2024-10-06,DRB-HICOM Berhad,23
2024-10-07,DRB-HICOM Berhad,433
2024-10-08,DRB-HICOM Berhad,541
2024-10-09,DRB-HICOM Berhad,572
2024-10-10,DRB-HICOM Berhad,675
2024-10-11,DRB-HICOM Berhad,687
2024-10-12,DRB-HICOM Berhad,54
2024-10-13,DRB-HICOM Berhad,28
2024-10-14,DRB-HICOM Berhad,596
2024-10-15,DRB-HICOM Berhad,648
2024-10-16,DRB-HICOM Berhad,841
2024-10-17,DRB-HICOM Berhad,934
2024-10-18,DRB-HICOM Berhad,913
2024-10-19,DRB-HICOM Berhad,173
2024-10-20,DRB-HICOM Berhad,51
2024-10-21,DRB-HICOM Berhad,832
2024-10-22,DRB-HICOM Berhad,1015
2024-10-23,DRB-HICOM Berhad,1134
2024-10-24,DRB-HICOM Berhad,1236
2024-10-25,DRB-HICOM Berhad,1181
2024-10-26,DRB-HICOM Berhad,213
2024-10-27,DRB-HICOM Berhad,57
2024-10-28,DRB-HICOM Berhad,1322
2024-10-29,DRB-HICOM Berhad,2311
2024-10-30,DRB-HICOM Berhad,3207
2024-10-31,DRB-HICOM Berhad,975
2024-11-01,DRB-HICOM Berhad,127
2024-11-02,DRB-HICOM Berhad,29
2024-11-03,DRB-HICOM Berhad,17
2024-11-04,DRB-HICOM Berhad,188
2024-11-05,DRB-HICOM Berhad,332
2024-11-06,DRB-HICOM Berhad,406
2024-11-07,DRB-HICOM Berhad,530
2024-11-08,DRB-HICOM Berhad,566
2024-11-09,DRB-HICOM Berhad,107
2024-11-10,DRB-HICOM Berhad,33
2024-11-11,DRB-HICOM Berhad,573
2024-11-12,DRB-HICOM Berhad,629
2024-11-13,DRB-HICOM Berhad,760
2024-11-14,DRB-HICOM Berhad,906
2024-11-15,DRB-HICOM Berhad,979
2024-11-16,DRB-HICOM Berhad,190
2024-11-17,DRB-HICOM Berhad,73
2024-11-18,DRB-HICOM Berhad,1374
2024-11-19,DRB-HICOM Berhad,725
2024-11-20,DRB-HICOM Berhad,804
2024-11-21,DRB-HICOM Berhad,879
2024-11-22,DRB-HICOM Berhad,1021
2024-11-23,DRB-HICOM Berhad,188
2024-11-24,DRB-HICOM Berhad,64
2024-11-25,DRB-HICOM Berhad,1107
2024-11-26,DRB-HICOM Berhad,1316
2024-11-27,DRB-HICOM Berhad,1570
2024-11-28,DRB-HICOM Berhad,1990
2024-11-29,DRB-HICOM Berhad,2589
2024-11-30,DRB-HICOM Berhad,1285
2024-12-01,DRB-HICOM Berhad,31
2024-12-02,DRB-HICOM Berhad,156
2024-12-03,DRB-HICOM Berhad,204
2024-12-04,DRB-HICOM Berhad,365
2024-12-05,DRB-HICOM Berhad,492
2024-12-06,DRB-HICOM Berhad,591
2024-12-07,DRB-HICOM Berhad,0
2024-12-08,DRB-HICOM Berhad,40
2024-12-09,DRB-HICOM Berhad,637
2024-12-10,DRB-HICOM Berhad,753
2024-12-11,DRB-HICOM Berhad,567
2024-12-12,DRB-HICOM Berhad,912
2024-12-13,DRB-HICOM Berhad,958
2024-12-14,DRB-HICOM Berhad,271
2024-12-15,DRB-HICOM Berhad,56
2024-12-16,DRB-HICOM Berhad,1094
2024-12-17,DRB-HICOM Berhad,1344
2024-12-18,DRB-HICOM Berhad,2187
2024-12-19,DRB-HICOM Berhad,917
2024-12-20,DRB-HICOM Berhad,962
2024-12-21,DRB-HICOM Berhad,224
2024-12-22,DRB-HICOM Berhad,50
2024-12-23,DRB-HICOM Berhad,1266
2024-12-24,DRB-HICOM Berhad,1300
2024-12-25,DRB-HICOM Berhad,48
2024-12-26,DRB-HICOM Berhad,1445
2024-12-27,DRB-HICOM Berhad,1892
2024-12-28,DRB-HICOM Berhad,613
2024-12-29,DRB-HICOM Berhad,208
2024-12-30,DRB-HICOM Berhad,2793
2024-12-31,DRB-HICOM Berhad,4282
2025-01-01,DRB-HICOM Berhad,17
2025-01-02,DRB-HICOM Berhad,90
2025-01-03,DRB-HICOM Berhad,102
2025-01-04,DRB-HICOM Berhad,13
2025-01-05,DRB-HICOM Berhad,10
2025-01-06,DRB-HICOM Berhad,156
2025-01-07,DRB-HICOM Berhad,224
2025-01-08,DRB-HICOM Berhad,328
2025-01-09,DRB-HICOM Berhad,386
2025-01-10,DRB-HICOM Berhad,474
2025-01-11,DRB-HICOM Berhad,102
2025-01-12,DRB-HICOM Berhad,26
2025-01-13,DRB-HICOM Berhad,504
2025-01-14,DRB-HICOM Berhad,558
2025-01-15,DRB-HICOM Berhad,724
2025-01-16,DRB-HICOM Berhad,779
2025-01-17,DRB-HICOM Berhad,821
2025-01-18,DRB-HICOM Berhad,156
2025-01-19,DRB-HICOM Berhad,38
2025-01-20,DRB-HICOM Berhad,810
2025-01-21,DRB-HICOM Berhad,981
2025-01-22,DRB-HICOM Berhad,785
2025-01-23,DRB-HICOM Berhad,1371
2025-01-24,DRB-HICOM Berhad,1520
2025-01-25,DRB-HICOM Berhad,514
2025-01-26,DRB-HICOM Berhad,81
2025-01-27,DRB-HICOM Berhad,1458
2025-01-28,DRB-HICOM Berhad,1416
2025-01-29,DRB-HICOM Berhad,10
2025-01-30,DRB-HICOM Berhad,25
2025-01-31,DRB-HICOM Berhad,1460
2025-02-01,DRB-HICOM Berhad,30
2025-02-02,DRB-HICOM Berhad,9
2025-02-03,DRB-HICOM Berhad,185
2025-02-04,DRB-HICOM Berhad,219
2025-02-05,DRB-HICOM Berhad,371
2025-02-06,DRB-HICOM Berhad,480
2025-02-07,DRB-HICOM Berhad,551
2025-02-08,DRB-HICOM Berhad,150
2025-02-09,DRB-HICOM Berhad,25
2025-02-10,DRB-HICOM Berhad,640
2025-02-11,DRB-HICOM Berhad,260
2025-02-12,DRB-HICOM Berhad,659
2025-02-13,DRB-HICOM Berhad,786
2025-02-14,DRB-HICOM Berhad,776
2025-02-15,DRB-HICOM Berhad,128
2025-02-16,DRB-HICOM Berhad,36
2025-02-17,DRB-HICOM Berhad,801
2025-02-18,DRB-HICOM Berhad,938
2025-02-19,DRB-HICOM Berhad,860
2025-02-20,DRB-HICOM Berhad,849
2025-02-21,DRB-HICOM Berhad,972
2025-02-22,DRB-HICOM Berhad,246
2025-02-23,DRB-HICOM Berhad,59
2025-02-24,DRB-HICOM Berhad,999
2025-02-25,DRB-HICOM Berhad,1373
2025-02-26,DRB-HICOM Berhad,1691
2025-02-27,DRB-HICOM Berhad,2281
2025-02-28,DRB-HICOM Berhad,4265
2025-03-01,DRB-HICOM Berhad,16
2025-03-02,DRB-HICOM Berhad,11
2025-03-03,DRB-HICOM Berhad,72
2025-03-04,DRB-HICOM Berhad,179
2025-03-05,DRB-HICOM Berhad,198
2025-03-06,DRB-HICOM Berhad,466
2025-03-07,DRB-HICOM Berhad,529
2025-03-08,DRB-HICOM Berhad,120
2025-03-09,DRB-HICOM Berhad,38
2025-03-10,DRB-HICOM Berhad,656
2025-03-11,DRB-HICOM Berhad,827
2025-03-12,DRB-HICOM Berhad,817
2025-03-13,DRB-HICOM Berhad,974
2025-03-14,DRB-HICOM Berhad,1250
2025-03-15,DRB-HICOM Berhad,465
2025-03-16,DRB-HICOM Berhad,88
2025-03-17,DRB-HICOM Berhad,2472
2025-03-18,DRB-HICOM Berhad,393
2025-03-19,DRB-HICOM Berhad,924
2025-03-20,DRB-HICOM Berhad,1053
2025-03-21,DRB-HICOM Berhad,1177
2025-03-22,DRB-HICOM Berhad,341
2025-03-23,DRB-HICOM Berhad,84
2025-03-24,DRB-HICOM Berhad,1147
2025-03-25,DRB-HICOM Berhad,1809
2025-03-26,DRB-HICOM Berhad,2090
2025-03-27,DRB-HICOM Berhad,3043
2025-03-28,DRB-HICOM Berhad,3470
2025-03-29,DRB-HICOM Berhad,1302
2025-03-30,DRB-HICOM Berhad,61
2025-03-31,DRB-HICOM Berhad,15
2025-04-01,DRB-HICOM Berhad,0
2025-04-02,DRB-HICOM Berhad,0
2025-04-03,DRB-HICOM Berhad,0
2025-04-04,DRB-HICOM Berhad,0
2025-04-05,DRB-HICOM Berhad,0
2025-04-06,DRB-HICOM Berhad,0
2025-04-07,DRB-HICOM Berhad,0
2025-04-08,DRB-HICOM Berhad,0
2025-04-09,DRB-HICOM Berhad,0
2025-04-10,DRB-HICOM Berhad,0
2025-04-11,DRB-HICOM Berhad,0
2025-04-12,DRB-HICOM Berhad,0
2025-04-13,DRB-HICOM Berhad,0
2025-04-14,DRB-HICOM Berhad,0
2025-04-15,DRB-HICOM Berhad,0
2025-04-16,DRB-HICOM Berhad,0
2025-04-17,DRB-HICOM Berhad,0
2025-04-18,DRB-HICOM Berhad,0
2025-04-19,DRB-HICOM Berhad,0
2025-04-20,DRB-HICOM Berhad,0
2025-04-21,DRB-HICOM Berhad,0
2025-04-22,DRB-HICOM Berhad,0
2025-04-23,DRB-HICOM Berhad,0
2025-04-24,DRB-HICOM Berhad,0
2025-04-25,DRB-HICOM Berhad,0
2025-04-26,DRB-HICOM Berhad,0
2025-04-27,DRB-HICOM Berhad,0
2025-04-28,DRB-HICOM Berhad,0
2025-04-29,DRB-HICOM Berhad,0
2025-04-30,DRB-HICOM Berhad,0
2025-05-01,DRB-HICOM Berhad,0
2025-05-02,DRB-HICOM Berhad,0
2025-05-03,DRB-HICOM Berhad,0
2025-05-04,DRB-HICOM Berhad,0
2025-05-05,DRB-HICOM Berhad,0
2025-05-06,DRB-HICOM Berhad,0
2025-05-07,DRB-HICOM Berhad,0
2025-05-08,DRB-HICOM Berhad,0
2025-05-09,DRB-HICOM Berhad,0
2025-05-10,DRB-HICOM Berhad,0
2025-05-11,DRB-HICOM Berhad,0
2025-05-12,DRB-HICOM Berhad,0
2025-05-13,DRB-HICOM Berhad,0
2025-05-14,DRB-HICOM Berhad,0
2025-05-15,DRB-HICOM Berhad,0
2025-05-16,DRB-HICOM Berhad,0
2025-05-17,DRB-HICOM Berhad,0
2025-05-18,DRB-HICOM Berhad,0
2025-05-19,DRB-HICOM Berhad,0
2025-05-20,DRB-HICOM Berhad,0
2025-05-21,DRB-HICOM Berhad,0
2025-05-22,DRB-HICOM Berhad,0
2025-05-23,DRB-HICOM Berhad,0
2025-05-24,DRB-HICOM Berhad,0
2025-05-25,DRB-HICOM Berhad,0
2025-05-26,DRB-HICOM Berhad,0
2025-05-27,DRB-HICOM Berhad,0
2025-05-28,DRB-HICOM Berhad,0
2025-05-29,DRB-HICOM Berhad,0
2025-05-30,DRB-HICOM Berhad,0
2025-05-31,DRB-HICOM Berhad,0
2025-06-01,DRB-HICOM Berhad,0
2025-06-02,DRB-HICOM Berhad,0
2025-06-03,DRB-HICOM Berhad,0
2025-06-04,DRB-HICOM Berhad,0
2025-06-05,DRB-HICOM Berhad,0
2025-06-06,DRB-HICOM Berhad,0
2025-06-07,DRB-HICOM Berhad,0
2025-06-08,DRB-HICOM Berhad,0
2025-06-09,DRB-HICOM Berhad,0
2025-06-10,DRB-HICOM Berhad,0
2025-06-11,DRB-HICOM Berhad,0
2025-06-12,DRB-HICOM Berhad,0
2025-06-13,DRB-HICOM Berhad,0
2025-06-14,DRB-HICOM Berhad,0
2025-06-15,DRB-HICOM Berhad,0
2025-06-16,DRB-HICOM Berhad,0
2025-06-17,DRB-HICOM Berhad,0
2025-06-18,DRB-HICOM Berhad,0
2025-06-19,DRB-HICOM Berhad,0
2025-06-20,DRB-HICOM Berhad,0
2025-06-21,DRB-HICOM Berhad,0
2025-06-22,DRB-HICOM Berhad,0
2025-06-23,DRB-HICOM Berhad,0
2025-06-24,DRB-HICOM Berhad,0
2025-06-25,DRB-HICOM Berhad,0
2025-06-26,DRB-HICOM Berhad,0
2025-06-27,DRB-HICOM Berhad,0
2025-06-28,DRB-HICOM Berhad,0
2025-06-29,DRB-HICOM Berhad,0
2025-06-30,DRB-HICOM Berhad,0
2025-07-01,DRB-HICOM Berhad,0
2025-07-02,DRB-HICOM Berhad,0
2025-07-03,DRB-HICOM Berhad,0
2025-07-04,DRB-HICOM Berhad,0
2025-07-05,DRB-HICOM Berhad,0
2025-07-06,DRB-HICOM Berhad,0
2025-07-07,DRB-HICOM Berhad,0
2025-07-08,DRB-HICOM Berhad,0
2025-07-09,DRB-HICOM Berhad,0
2025-07-10,DRB-HICOM Berhad,0
2025-07-11,DRB-HICOM Berhad,0
2025-07-12,DRB-HICOM Berhad,0
2025-07-13,DRB-HICOM Berhad,0
2025-07-14,DRB-HICOM Berhad,0
2025-07-15,DRB-HICOM Berhad,0
2025-07-16,DRB-HICOM Berhad,0
2025-07-17,DRB-HICOM Berhad,0
2025-07-18,DRB-HICOM Berhad,0
2025-07-19,DRB-HICOM Berhad,0
2025-07-20,DRB-HICOM Berhad,0
2025-07-21,DRB-HICOM Berhad,0
2025-07-22,DRB-HICOM Berhad,0
2025-07-23,DRB-HICOM Berhad,0
2025-07-24,DRB-HICOM Berhad,0
2025-07-25,DRB-HICOM Berhad,0
2025-07-26,DRB-HICOM Berhad,0
2025-07-27,DRB-HICOM Berhad,0
2025-07-28,DRB-HICOM Berhad,0
2025-07-29,DRB-HICOM Berhad,0
2025-07-30,DRB-HICOM Berhad,0
2025-07-31,DRB-HICOM Berhad,0
2025-08-01,DRB-HICOM Berhad,0
2025-08-02,DRB-HICOM Berhad,0
2025-08-03,DRB-HICOM Berhad,0
2025-08-04,DRB-HICOM Berhad,0
2025-08-05,DRB-HICOM Berhad,0
2025-08-06,DRB-HICOM Berhad,0
2025-08-07,DRB-HICOM Berhad,0
2025-08-08,DRB-HICOM Berhad,0
2025-08-09,DRB-HICOM Berhad,0
2025-08-10,DRB-HICOM Berhad,0
2025-08-11,DRB-HICOM Berhad,0
2025-08-12,DRB-HICOM Berhad,0
2025-08-13,DRB-HICOM Berhad,0
2025-08-14,DRB-HICOM Berhad,0
2025-08-15,DRB-HICOM Berhad,0
2025-08-16,DRB-HICOM Berhad,0
2025-08-17,DRB-HICOM Berhad,0
2025-08-18,DRB-HICOM Berhad,0
2025-08-19,DRB-HICOM Berhad,0
2025-08-20,DRB-HICOM Berhad,0
2025-08-21,DRB-HICOM Berhad,0
2025-08-22,DRB-HICOM Berhad,0
2025-08-23,DRB-HICOM Berhad,0
2025-08-24,DRB-HICOM Berhad,0
2025-08-25,DRB-HICOM Berhad,0
2025-08-26,DRB-HICOM Berhad,0
2025-08-27,DRB-HICOM Berhad,0
2025-08-28,DRB-HICOM Berhad,0
2025-08-29,DRB-HICOM Berhad,0
2025-08-30,DRB-HICOM Berhad,0
2025-08-31,DRB-HICOM Berhad,0
2025-09-01,DRB-HICOM Berhad,0
2025-09-02,DRB-HICOM Berhad,0
2025-09-03,DRB-HICOM Berhad,0
2025-09-04,DRB-HICOM Berhad,0
2025-09-05,DRB-HICOM Berhad,0
2025-09-06,DRB-HICOM Berhad,0
2025-09-07,DRB-HICOM Berhad,0
2025-09-08,DRB-HICOM Berhad,0
2025-09-09,DRB-HICOM Berhad,0
2025-09-10,DRB-HICOM Berhad,0
2025-09-11,DRB-HICOM Berhad,0
2025-09-12,DRB-HICOM Berhad,0
2025-09-13,DRB-HICOM Berhad,0
2025-09-14,DRB-HICOM Berhad,0
2025-09-15,DRB-HICOM Berhad,0
2025-09-16,DRB-HICOM Berhad,0
2025-09-17,DRB-HICOM Berhad,0
2025-09-18,DRB-HICOM Berhad,0
2025-09-19,DRB-HICOM Berhad,0
2025-09-20,DRB-HICOM Berhad,0
2025-09-21,DRB-HICOM Berhad,0
2025-09-22,DRB-HICOM Berhad,0
2025-09-23,DRB-HICOM Berhad,0
2025-09-24,DRB-HICOM Berhad,0
2025-09-25,DRB-HICOM Berhad,0
2025-09-26,DRB-HICOM Berhad,0
2025-09-27,DRB-HICOM Berhad,0
2025-09-28,DRB-HICOM Berhad,0
2025-09-29,DRB-HICOM Berhad,0
2025-09-30,DRB-HICOM Berhad,0
2025-10-01,DRB-HICOM Berhad,0
2025-10-02,DRB-HICOM Berhad,0
2025-10-03,DRB-HICOM Berhad,0
2025-10-04,DRB-HICOM Berhad,0
2025-10-05,DRB-HICOM Berhad,0
2025-10-06,DRB-HICOM Berhad,0
2025-10-07,DRB-HICOM Berhad,0
2025-10-08,DRB-HICOM Berhad,0
2025-10-09,DRB-HICOM Berhad,0
2025-10-10,DRB-HICOM Berhad,0
2025-10-11,DRB-HICOM Berhad,0
2025-10-12,DRB-HICOM Berhad,0
2025-10-13,DRB-HICOM Berhad,0
2025-10-14,DRB-HICOM Berhad,0
2025-10-15,DRB-HICOM Berhad,0
2025-10-16,DRB-HICOM Berhad,0
2025-10-17,DRB-HICOM Berhad,0
2025-10-18,DRB-HICOM Berhad,0
2025-10-19,DRB-HICOM Berhad,0
2025-10-20,DRB-HICOM Berhad,0
2025-10-21,DRB-HICOM Berhad,0
2025-10-22,DRB-HICOM Berhad,0
2025-10-23,DRB-HICOM Berhad,0
2025-10-24,DRB-HICOM Berhad,0
2025-10-25,DRB-HICOM Berhad,0
2025-10-26,DRB-HICOM Berhad,0
2025-10-27,DRB-HICOM Berhad,0
2025-10-28,DRB-HICOM Berhad,0
2025-10-29,DRB-HICOM Berhad,0
2025-10-30,DRB-HICOM Berhad,0
2025-10-31,DRB-HICOM Berhad,0
2025-11-01,DRB-HICOM Berhad,0
2025-11-02,DRB-HICOM Berhad,0
2025-11-03,DRB-HICOM Berhad,0
2025-11-04,DRB-HICOM Berhad,0
2025-11-05,DRB-HICOM Berhad,0
2025-11-06,DRB-HICOM Berhad,0
2025-11-07,DRB-HICOM Berhad,0
2025-11-08,DRB-HICOM Berhad,0
2025-11-09,DRB-HICOM Berhad,0
2025-11-10,DRB-HICOM Berhad,0
2025-11-11,DRB-HICOM Berhad,0
2025-11-12,DRB-HICOM Berhad,0
2025-11-13,DRB-HICOM Berhad,0
2025-11-14,DRB-HICOM Berhad,0
2025-11-15,DRB-HICOM Berhad,0
2025-11-16,DRB-HICOM Berhad,0
2025-11-17,DRB-HICOM Berhad,0
2025-11-18,DRB-HICOM Berhad,0
2025-11-19,DRB-HICOM Berhad,0
2025-11-20,DRB-HICOM Berhad,0
2025-11-21,DRB-HICOM Berhad,0
2025-11-22,DRB-HICOM Berhad,0
2025-11-23,DRB-HICOM Berhad,0
2025-11-24,DRB-HICOM Berhad,0
2025-11-25,DRB-HICOM Berhad,0
2025-11-26,DRB-HICOM Berhad,0
2025-11-27,DRB-HICOM Berhad,0
2025-11-28,DRB-HICOM Berhad,0
2025-11-29,DRB-HICOM Berhad,0
2025-11-30,DRB-HICOM Berhad,0
2025-12-01,DRB-HICOM Berhad,0
2025-12-02,DRB-HICOM Berhad,0
2025-12-03,DRB-HICOM Berhad,0
2025-12-04,DRB-HICOM Berhad,0
2025-12-05,DRB-HICOM Berhad,0
2025-12-06,DRB-HICOM Berhad,0
2025-12-07,DRB-HICOM Berhad,0
2025-12-08,DRB-HICOM Berhad,0
2025-12-09,DRB-HICOM Berhad,0
2025-12-10,DRB-HICOM Berhad,0
2025-12-11,DRB-HICOM Berhad,0
2025-12-12,DRB-HICOM Berhad,0
2025-12-13,DRB-HICOM Berhad,0
2025-12-14,DRB-HICOM Berhad,0
2025-12-15,DRB-HICOM Berhad,0
2025-12-16,DRB-HICOM Berhad,0
2025-12-17,DRB-HICOM Berhad,0
2025-12-18,DRB-HICOM Berhad,0
2025-12-19,DRB-HICOM Berhad,0
2025-12-20,DRB-HICOM Berhad,0
2025-12-21,DRB-HICOM Berhad,0
2025-12-22,DRB-HICOM Berhad,0
2025-12-23,DRB-HICOM Berhad,0
2025-12-24,DRB-HICOM Berhad,0
2025-12-25,DRB-HICOM Berhad,0
2025-12-26,DRB-HICOM Berhad,0
2025-12-27,DRB-HICOM Berhad,0
2025-12-28,DRB-HICOM Berhad,0
2025-12-29,DRB-HICOM Berhad,0
2025-12-30,DRB-HICOM Berhad,0
2025-12-31,DRB-HICOM Berhad,0
